project,timestamp,commit_sha,commit_timestamp,commit_message,is_test_failure_related,algorithm,passed,failed,skipped,xfailed,xpassed,errors,time,coverage,type_project,time_instrumentation,time_create_monitor,test_duration,post_run_time,end_to_end_time,total_violations_count,total_violations,unique_violations_count,unique_violations,violations_by_location,violations_by_test,total_monitors,monitors,total_events,events,python_sloc
note-columns-post-bot,20260629_214924,517ddd0bab8a06f948a6fc2215ec7ca308692144,1749736390,🎉 Complete implementation of entertainment column system,True,original,0,0,0,0,0,0,0.015,x,original,0.0,0.0,0.1818597316741943,0.0,0.1818597316741943,,,,,,,,,,,
note-columns-post-bot,20260629_214924,517ddd0bab8a06f948a6fc2215ec7ca308692144,1749736390,🎉 Complete implementation of entertainment column system,True,pymop,0,0,0,0,0,0,0.008,x,pymop,0.6775593757629395,0.3150084018707275,0.9505047798156738,0.0,1.9430725574493408,0.0,,0.0,,,,23.0,BuiltinAllAnalysis=1<>ComparisonBehaviorAnalysis=1<>InPlaceSortAnalysis=1<>InvalidComparisonAnalysis=1<>NLTK_RegexpTokenizerCapturingParentheses=1<>NLTK_regexp_span_tokenize=1<>NonFinitesAnalysis=1<>PriorityQueue_NonComparable=1<>PyDocs_MustLockOnce=1<>PyDocs_UselessIterTee=1<>StringConcatAnalysis=1<>StringStripAnalysis=1<>WrongTypeAddedAnalysis=1<>FileClosedAnalysis=10,17.0,InPlaceSortAnalysis=end_execution=1<>PyDocs_UselessIterTee=end=1<>FileClosedAnalysis=open=6<>FileClosedAnalysis=close=5<>FileClosedAnalysis=end=4,
note-columns-post-bot,20260629_214924,517ddd0bab8a06f948a6fc2215ec7ca308692144,1749736390,🎉 Complete implementation of entertainment column system,True,pymop_libs,0,0,0,0,0,0,0.219,x,pymop_libs,4.6082634925842285,0.2470049858093261,2.850982666015625,0.0,7.70625114440918,0.0,,0.0,,,,1095.0,BuiltinAllAnalysis=1<>ComparisonBehaviorAnalysis=1<>InPlaceSortAnalysis=1<>InvalidComparisonAnalysis=1<>NLTK_RegexpTokenizerCapturingParentheses=1<>NLTK_regexp_span_tokenize=1<>NonFinitesAnalysis=1<>PriorityQueue_NonComparable=1<>PyDocs_MustLockOnce=1<>PyDocs_UselessIterTee=1<>NLTK_NonterminalSymbolMutability=22<>StringConcatAnalysis=1<>StringStripAnalysis=1<>WrongTypeAddedAnalysis=1<>UnsafeListIterator=694<>UnsafeDictIterator=354<>ArgParse_Parent=1<>FileClosedAnalysis=10<>faulthandler_disableBeforeClose=1,184440.0,BuiltinAllAnalysis=violation=29359<>ComparisonBehaviorAnalysis=ne_end=152<>ComparisonBehaviorAnalysis=eq_end=881<>InPlaceSortAnalysis=list_used=2142<>InPlaceSortAnalysis=list_sorted=6<>InPlaceSortAnalysis=end_execution=1<>InvalidComparisonAnalysis=after_comparison=1023<>NonFinitesAnalysis=non_finite_op=29260<>PyDocs_UselessIterTee=end=1<>NLTK_NonterminalSymbolMutability=nonterminal_created=22<>StringConcatAnalysis=add=599<>WrongTypeAddedAnalysis=check_append=29150<>WrongTypeAddedAnalysis=check_insert=29150<>WrongTypeAddedAnalysis=check_extend=29150<>WrongTypeAddedAnalysis=check_add=29150<>WrongTypeAddedAnalysis=check_add_assign=599<>UnsafeListIterator=createList=1419<>UnsafeDictIterator=createDict=359<>UnsafeDictIterator=updateDict=1998<>ArgParse_Parent=created=1<>ArgParse_Parent=argument_added=1<>FileClosedAnalysis=open=6<>FileClosedAnalysis=close=5<>FileClosedAnalysis=end=4<>faulthandler_disableBeforeClose=register=1<>faulthandler_disableBeforeClose=unregister=1,
note-columns-post-bot,20260629_214924,517ddd0bab8a06f948a6fc2215ec7ca308692144,1749736390,🎉 Complete implementation of entertainment column system,True,dylin,0,0,0,0,0,0,0.005,x,dylin,4.640665531158447,0.0,0.1222307682037353,0.1719589233398437,4.934855222702026,0.0,,0.0,,,,,,,,
note-columns-post-bot,20260629_214924,45a08dd6f3a76ba25881d1416febf9239546ae3c,1749738350,feat: Add comprehensive CI/CD pipeline for pull requests,False,original,2,8,0,0,0,0,0.069,47.92,original,0.0,0.0,0.2407433986663818,0.0,0.2407433986663818,,,,,,,,,,,1968
note-columns-post-bot,20260629_214924,45a08dd6f3a76ba25881d1416febf9239546ae3c,1749738350,feat: Add comprehensive CI/CD pipeline for pull requests,False,pymop,2,8,0,0,0,0,0.077,47.92,pymop,0.7435922622680664,0.2919721603393554,1.036339521408081,0.0,2.071903944015503,0.0,,0.0,,,,31.0,BuiltinAllAnalysis=1<>ComparisonBehaviorAnalysis=1<>InPlaceSortAnalysis=1<>InvalidComparisonAnalysis=1<>NLTK_RegexpTokenizerCapturingParentheses=1<>NLTK_regexp_span_tokenize=1<>NonFinitesAnalysis=1<>PriorityQueue_NonComparable=1<>PyDocs_MustLockOnce=1<>PyDocs_UselessIterTee=1<>StringConcatAnalysis=1<>StringStripAnalysis=1<>WrongTypeAddedAnalysis=1<>FileClosedAnalysis=16<>UnsafeListIterator=2,178.0,BuiltinAllAnalysis=violation=24<>InPlaceSortAnalysis=list_used=2<>InPlaceSortAnalysis=end_execution=1<>NonFinitesAnalysis=non_finite_op=24<>PyDocs_UselessIterTee=end=1<>WrongTypeAddedAnalysis=check_append=25<>WrongTypeAddedAnalysis=check_insert=25<>WrongTypeAddedAnalysis=check_extend=25<>WrongTypeAddedAnalysis=check_add=25<>FileClosedAnalysis=open=9<>FileClosedAnalysis=close=8<>FileClosedAnalysis=end=7<>UnsafeListIterator=createList=2,1968
note-columns-post-bot,20260629_214924,45a08dd6f3a76ba25881d1416febf9239546ae3c,1749738350,feat: Add comprehensive CI/CD pipeline for pull requests,False,pymop_libs,2,8,0,0,0,0,1.149,47.92,pymop_libs,4.903916120529175,0.2494680881500244,3.9948763847351074,0.0,9.148260593414308,0.0,,0.0,,,,2036.0,BuiltinAllAnalysis=1<>ComparisonBehaviorAnalysis=1<>InPlaceSortAnalysis=1<>InvalidComparisonAnalysis=1<>NLTK_RegexpTokenizerCapturingParentheses=1<>NLTK_regexp_span_tokenize=1<>NonFinitesAnalysis=1<>PriorityQueue_NonComparable=1<>PyDocs_MustLockOnce=1<>PyDocs_UselessIterTee=1<>NLTK_NonterminalSymbolMutability=22<>StringConcatAnalysis=1<>StringStripAnalysis=1<>WrongTypeAddedAnalysis=1<>UnsafeListIterator=1413<>UnsafeDictIterator=570<>ArgParse_Parent=1<>FileClosedAnalysis=16<>faulthandler_disableBeforeClose=1,371949.0,BuiltinAllAnalysis=violation=57843<>ComparisonBehaviorAnalysis=ne_end=484<>ComparisonBehaviorAnalysis=eq_end=2327<>InPlaceSortAnalysis=list_used=6051<>InPlaceSortAnalysis=list_sorted=16<>InPlaceSortAnalysis=end_execution=1<>InvalidComparisonAnalysis=after_comparison=2801<>NonFinitesAnalysis=non_finite_op=57744<>PyDocs_UselessIterTee=end=1<>NLTK_NonterminalSymbolMutability=nonterminal_created=22<>StringConcatAnalysis=add=3028<>StringStripAnalysis=strip=47<>WrongTypeAddedAnalysis=check_append=57993<>WrongTypeAddedAnalysis=check_insert=57993<>WrongTypeAddedAnalysis=check_extend=57993<>WrongTypeAddedAnalysis=check_add=57993<>WrongTypeAddedAnalysis=check_add_assign=3028<>UnsafeListIterator=createList=3451<>UnsafeDictIterator=createDict=622<>UnsafeDictIterator=updateDict=2483<>ArgParse_Parent=created=1<>ArgParse_Parent=argument_added=1<>FileClosedAnalysis=open=9<>FileClosedAnalysis=close=8<>FileClosedAnalysis=end=7<>faulthandler_disableBeforeClose=register=1<>faulthandler_disableBeforeClose=unregister=1,1968
note-columns-post-bot,20260629_214924,45a08dd6f3a76ba25881d1416febf9239546ae3c,1749738350,feat: Add comprehensive CI/CD pipeline for pull requests,False,dylin,2,8,0,0,0,0,2.533,47.92,dylin,4.49282169342041,0.0,3.762775659561157,0.1663024425506591,8.421899795532227,0.0,,0.0,,,,,,,,1968
note-columns-post-bot,20260629_214924,011e2bbdbe9113d34689f8b623f2012e525bb5e0,1749738870,fix: Resolve import and test configuration issues,False,original,10,0,0,0,0,0,0.207,72.32,original,0.0,0.0,0.5040514469146729,0.0,0.5040514469146729,,,,,,,,,,,2000
note-columns-post-bot,20260629_214924,011e2bbdbe9113d34689f8b623f2012e525bb5e0,1749738870,fix: Resolve import and test configuration issues,False,pymop,10,0,0,0,0,0,0.321,72.32,pymop,0.9983057975769044,0.3199899196624756,3.107522964477539,0.0,4.425818681716919,1.0,FileClosedAnalysis=1,1.0,FileClosedAnalysis=1,FileClosedAnalysis:/usr/lib/python3.12/logging/__init__.py:1263=1,FileClosedAnalysis:/usr/lib/python3.12/logging/__init__.py:1263={'backend/tests/test_models.py::test_ai_evaluation_result'},157.0,BuiltinAllAnalysis=1<>ComparisonBehaviorAnalysis=1<>InPlaceSortAnalysis=1<>InvalidComparisonAnalysis=1<>NLTK_RegexpTokenizerCapturingParentheses=1<>NLTK_regexp_span_tokenize=1<>NonFinitesAnalysis=1<>PriorityQueue_NonComparable=1<>PyDocs_MustLockOnce=1<>PyDocs_UselessIterTee=1<>StringConcatAnalysis=1<>StringStripAnalysis=1<>WrongTypeAddedAnalysis=1<>FileClosedAnalysis=106<>UnsafeDictIterator=21<>UnsafeListIterator=17,2270.0,BuiltinAllAnalysis=violation=333<>ComparisonBehaviorAnalysis=eq_end=21<>InPlaceSortAnalysis=list_used=25<>InPlaceSortAnalysis=end_execution=1<>InvalidComparisonAnalysis=after_comparison=21<>NonFinitesAnalysis=non_finite_op=333<>PyDocs_UselessIterTee=end=1<>WrongTypeAddedAnalysis=check_append=333<>WrongTypeAddedAnalysis=check_insert=333<>WrongTypeAddedAnalysis=check_extend=333<>WrongTypeAddedAnalysis=check_add=333<>FileClosedAnalysis=open=54<>FileClosedAnalysis=close=52<>FileClosedAnalysis=end=52<>UnsafeDictIterator=createDict=22<>UnsafeDictIterator=updateDict=5<>UnsafeListIterator=createList=18,2000
note-columns-post-bot,20260629_214924,011e2bbdbe9113d34689f8b623f2012e525bb5e0,1749738870,fix: Resolve import and test configuration issues,False,pymop_libs,10,0,0,0,0,0,3.25,72.32,pymop_libs,5.575608491897583,0.2731144428253174,8.729632139205933,0.0,14.578355073928831,1.0,FileClosedAnalysis=1,1.0,FileClosedAnalysis=1,FileClosedAnalysis:/usr/lib/python3.12/logging/__init__.py:1263=1,FileClosedAnalysis:/usr/lib/python3.12/logging/__init__.py:1263={'backend/tests/test_models.py::test_ai_evaluation_result'},3561.0,BuiltinAllAnalysis=1<>ComparisonBehaviorAnalysis=1<>InPlaceSortAnalysis=1<>InvalidComparisonAnalysis=1<>NLTK_RegexpTokenizerCapturingParentheses=1<>NLTK_regexp_span_tokenize=1<>NonFinitesAnalysis=1<>PriorityQueue_NonComparable=1<>PyDocs_MustLockOnce=1<>PyDocs_UselessIterTee=1<>NLTK_NonterminalSymbolMutability=22<>StringConcatAnalysis=1<>StringStripAnalysis=1<>WrongTypeAddedAnalysis=1<>UnsafeListIterator=2232<>UnsafeDictIterator=1186<>ArgParse_Parent=1<>FileClosedAnalysis=106<>faulthandler_disableBeforeClose=1,544305.0,BuiltinAllAnalysis=violation=84355<>ComparisonBehaviorAnalysis=ne_end=697<>ComparisonBehaviorAnalysis=eq_end=7721<>InPlaceSortAnalysis=list_used=8213<>InPlaceSortAnalysis=list_sorted=16<>InPlaceSortAnalysis=end_execution=1<>InvalidComparisonAnalysis=after_comparison=8406<>NonFinitesAnalysis=non_finite_op=84245<>PyDocs_UselessIterTee=end=1<>NLTK_NonterminalSymbolMutability=nonterminal_created=22<>StringConcatAnalysis=add=1715<>StringStripAnalysis=strip=30<>WrongTypeAddedAnalysis=check_append=84235<>WrongTypeAddedAnalysis=check_insert=84235<>WrongTypeAddedAnalysis=check_extend=84235<>WrongTypeAddedAnalysis=check_add=84235<>WrongTypeAddedAnalysis=check_add_assign=1715<>UnsafeListIterator=createList=5222<>UnsafeDictIterator=createDict=1509<>UnsafeDictIterator=updateDict=3335<>ArgParse_Parent=created=1<>ArgParse_Parent=argument_added=1<>FileClosedAnalysis=open=54<>FileClosedAnalysis=close=52<>FileClosedAnalysis=end=52<>faulthandler_disableBeforeClose=register=1<>faulthandler_disableBeforeClose=unregister=1,2000
note-columns-post-bot,20260629_214924,011e2bbdbe9113d34689f8b623f2012e525bb5e0,1749738870,fix: Resolve import and test configuration issues,False,dylin,10,0,0,0,0,0,3.303,72.32,dylin,5.339734077453613,0.0,4.698213815689087,0.1652562618255615,10.203204154968262,0.0,,0.0,,,,,,,,2000
note-columns-post-bot,20260629_214924,34f049b76f06d37106161fc9f23e9d5d2f6a0ee2,1749739047,fix: Drastically simplify CI/CD pipeline for reliability,False,original,13,0,0,0,0,0,0.227,73.11,original,0.0,0.0,0.5560495853424072,0.0,0.5560495853424072,,,,,,,,,,,2038
note-columns-post-bot,20260629_214924,34f049b76f06d37106161fc9f23e9d5d2f6a0ee2,1749739047,fix: Drastically simplify CI/CD pipeline for reliability,False,pymop,13,0,0,0,0,0,0.378,73.11,pymop,0.924813747406006,0.3250586986541748,3.313901662826538,0.0,4.563774108886719,1.0,FileClosedAnalysis=1,1.0,FileClosedAnalysis=1,FileClosedAnalysis:/usr/lib/python3.12/logging/__init__.py:1263=1,FileClosedAnalysis:/usr/lib/python3.12/logging/__init__.py:1263={'backend/tests/test_simple.py::test_python_files_syntax'},165.0,BuiltinAllAnalysis=1<>ComparisonBehaviorAnalysis=1<>InPlaceSortAnalysis=1<>InvalidComparisonAnalysis=1<>NLTK_RegexpTokenizerCapturingParentheses=1<>NLTK_regexp_span_tokenize=1<>NonFinitesAnalysis=1<>PriorityQueue_NonComparable=1<>PyDocs_MustLockOnce=1<>PyDocs_UselessIterTee=1<>StringConcatAnalysis=1<>StringStripAnalysis=1<>WrongTypeAddedAnalysis=1<>FileClosedAnalysis=112<>UnsafeDictIterator=21<>UnsafeListIterator=19,2411.0,BuiltinAllAnalysis=violation=354<>ComparisonBehaviorAnalysis=eq_end=21<>InPlaceSortAnalysis=list_used=28<>InPlaceSortAnalysis=end_execution=1<>InvalidComparisonAnalysis=after_comparison=21<>NonFinitesAnalysis=non_finite_op=354<>PyDocs_UselessIterTee=end=1<>WrongTypeAddedAnalysis=check_append=354<>WrongTypeAddedAnalysis=check_insert=354<>WrongTypeAddedAnalysis=check_extend=354<>WrongTypeAddedAnalysis=check_add=354<>FileClosedAnalysis=open=57<>FileClosedAnalysis=close=55<>FileClosedAnalysis=end=55<>UnsafeDictIterator=createDict=22<>UnsafeDictIterator=updateDict=5<>UnsafeListIterator=createList=21,2038
note-columns-post-bot,20260629_214924,34f049b76f06d37106161fc9f23e9d5d2f6a0ee2,1749739047,fix: Drastically simplify CI/CD pipeline for reliability,False,pymop_libs,13,0,0,0,0,0,3.587,73.11,pymop_libs,6.441108226776123,0.2946553230285644,9.448797941207886,0.0,16.184561491012573,1.0,FileClosedAnalysis=1,1.0,FileClosedAnalysis=1,FileClosedAnalysis:/usr/lib/python3.12/logging/__init__.py:1263=1,FileClosedAnalysis:/usr/lib/python3.12/logging/__init__.py:1263={'backend/tests/test_simple.py::test_python_files_syntax'},3823.0,BuiltinAllAnalysis=1<>ComparisonBehaviorAnalysis=1<>InPlaceSortAnalysis=1<>InvalidComparisonAnalysis=1<>NLTK_RegexpTokenizerCapturingParentheses=1<>NLTK_regexp_span_tokenize=1<>NonFinitesAnalysis=1<>PriorityQueue_NonComparable=1<>PyDocs_MustLockOnce=1<>PyDocs_UselessIterTee=1<>NLTK_NonterminalSymbolMutability=22<>StringConcatAnalysis=1<>StringStripAnalysis=1<>WrongTypeAddedAnalysis=1<>UnsafeListIterator=2396<>UnsafeDictIterator=1278<>ArgParse_Parent=1<>FileClosedAnalysis=112<>faulthandler_disableBeforeClose=1,578251.0,BuiltinAllAnalysis=violation=89447<>ComparisonBehaviorAnalysis=ne_end=722<>ComparisonBehaviorAnalysis=eq_end=8057<>InPlaceSortAnalysis=list_used=9217<>InPlaceSortAnalysis=list_sorted=19<>InPlaceSortAnalysis=end_execution=1<>InvalidComparisonAnalysis=after_comparison=8767<>NonFinitesAnalysis=non_finite_op=89337<>PyDocs_UselessIterTee=end=1<>NLTK_NonterminalSymbolMutability=nonterminal_created=22<>StringConcatAnalysis=add=1972<>StringStripAnalysis=strip=39<>WrongTypeAddedAnalysis=check_append=89423<>WrongTypeAddedAnalysis=check_insert=89423<>WrongTypeAddedAnalysis=check_extend=89423<>WrongTypeAddedAnalysis=check_add=89423<>WrongTypeAddedAnalysis=check_add_assign=1972<>UnsafeListIterator=createList=5743<>UnsafeDictIterator=createDict=1582<>UnsafeDictIterator=updateDict=3490<>ArgParse_Parent=created=1<>ArgParse_Parent=argument_added=1<>FileClosedAnalysis=open=57<>FileClosedAnalysis=close=55<>FileClosedAnalysis=end=55<>faulthandler_disableBeforeClose=register=1<>faulthandler_disableBeforeClose=unregister=1,2038
note-columns-post-bot,20260629_214924,34f049b76f06d37106161fc9f23e9d5d2f6a0ee2,1749739047,fix: Drastically simplify CI/CD pipeline for reliability,False,dylin,13,0,0,0,0,0,2.65,73.11,dylin,4.645906209945679,0.0,4.200690507888794,0.1751589775085449,9.021755695343018,0.0,,0.0,,,,,,,,2038
note-columns-post-bot,20260629_214924,32ba28da54e9aab00c034030dfafa42d5c90b6ac,1749786161,修正: Note.comスクレイパーの完全なリファクタリング (#5),False,original,13,0,0,0,0,0,0.24,69.56,original,0.0,0.0,0.5564682483673096,0.0,0.5564682483673096,,,,,,,,,,,3321
note-columns-post-bot,20260629_214924,32ba28da54e9aab00c034030dfafa42d5c90b6ac,1749786161,修正: Note.comスクレイパーの完全なリファクタリング (#5),False,pymop,13,0,0,0,0,0,0.333,69.56,pymop,0.8849639892578125,0.3318178653717041,3.169126272201538,0.0,4.385908126831055,1.0,FileClosedAnalysis=1,1.0,FileClosedAnalysis=1,FileClosedAnalysis:/usr/lib/python3.12/logging/__init__.py:1263=1,FileClosedAnalysis:/usr/lib/python3.12/logging/__init__.py:1263={'backend/tests/test_simple.py::test_python_files_syntax'},166.0,BuiltinAllAnalysis=1<>ComparisonBehaviorAnalysis=1<>InPlaceSortAnalysis=1<>InvalidComparisonAnalysis=1<>NLTK_RegexpTokenizerCapturingParentheses=1<>NLTK_regexp_span_tokenize=1<>NonFinitesAnalysis=1<>PriorityQueue_NonComparable=1<>PyDocs_MustLockOnce=1<>PyDocs_UselessIterTee=1<>StringConcatAnalysis=1<>StringStripAnalysis=1<>WrongTypeAddedAnalysis=1<>FileClosedAnalysis=112<>UnsafeDictIterator=21<>UnsafeListIterator=20,2543.0,BuiltinAllAnalysis=violation=376<>ComparisonBehaviorAnalysis=eq_end=21<>InPlaceSortAnalysis=list_used=28<>InPlaceSortAnalysis=end_execution=1<>InvalidComparisonAnalysis=after_comparison=21<>NonFinitesAnalysis=non_finite_op=376<>PyDocs_UselessIterTee=end=1<>WrongTypeAddedAnalysis=check_append=376<>WrongTypeAddedAnalysis=check_insert=376<>WrongTypeAddedAnalysis=check_extend=376<>WrongTypeAddedAnalysis=check_add=376<>FileClosedAnalysis=open=57<>FileClosedAnalysis=close=55<>FileClosedAnalysis=end=55<>UnsafeDictIterator=createDict=22<>UnsafeDictIterator=updateDict=5<>UnsafeListIterator=createList=21,3321
note-columns-post-bot,20260629_214924,32ba28da54e9aab00c034030dfafa42d5c90b6ac,1749786161,修正: Note.comスクレイパーの完全なリファクタリング (#5),False,pymop_libs,13,0,0,0,0,0,3.971,69.56,pymop_libs,5.79430079460144,0.2671513557434082,9.47948145866394,0.0,15.540933609008787,1.0,FileClosedAnalysis=1,1.0,FileClosedAnalysis=1,FileClosedAnalysis:/usr/lib/python3.12/logging/__init__.py:1263=1,FileClosedAnalysis:/usr/lib/python3.12/logging/__init__.py:1263={'backend/tests/test_simple.py::test_python_files_syntax'},4164.0,BuiltinAllAnalysis=1<>ComparisonBehaviorAnalysis=1<>InPlaceSortAnalysis=1<>InvalidComparisonAnalysis=1<>NLTK_RegexpTokenizerCapturingParentheses=1<>NLTK_regexp_span_tokenize=1<>NonFinitesAnalysis=1<>PriorityQueue_NonComparable=1<>PyDocs_MustLockOnce=1<>PyDocs_UselessIterTee=1<>NLTK_NonterminalSymbolMutability=22<>StringConcatAnalysis=1<>StringStripAnalysis=1<>WrongTypeAddedAnalysis=1<>UnsafeListIterator=2594<>UnsafeDictIterator=1421<>ArgParse_Parent=1<>FileClosedAnalysis=112<>faulthandler_disableBeforeClose=1,643175.0,BuiltinAllAnalysis=violation=99099<>ComparisonBehaviorAnalysis=ne_end=736<>ComparisonBehaviorAnalysis=eq_end=10898<>InPlaceSortAnalysis=list_used=9804<>InPlaceSortAnalysis=list_sorted=19<>InPlaceSortAnalysis=end_execution=1<>InvalidComparisonAnalysis=after_comparison=11622<>NonFinitesAnalysis=non_finite_op=98989<>PyDocs_UselessIterTee=end=1<>NLTK_NonterminalSymbolMutability=nonterminal_created=22<>StringConcatAnalysis=add=1978<>StringStripAnalysis=strip=39<>WrongTypeAddedAnalysis=check_append=99041<>WrongTypeAddedAnalysis=check_insert=99041<>WrongTypeAddedAnalysis=check_extend=99041<>WrongTypeAddedAnalysis=check_add=99041<>WrongTypeAddedAnalysis=check_add_assign=1978<>UnsafeListIterator=createList=6224<>UnsafeDictIterator=createDict=1790<>UnsafeDictIterator=updateDict=3640<>ArgParse_Parent=created=1<>ArgParse_Parent=argument_added=1<>FileClosedAnalysis=open=57<>FileClosedAnalysis=close=55<>FileClosedAnalysis=end=55<>faulthandler_disableBeforeClose=register=1<>faulthandler_disableBeforeClose=unregister=1,3321
note-columns-post-bot,20260629_214924,32ba28da54e9aab00c034030dfafa42d5c90b6ac,1749786161,修正: Note.comスクレイパーの完全なリファクタリング (#5),False,dylin,13,0,0,0,0,0,2.682,69.56,dylin,5.740893840789795,0.0,4.116907119750977,0.1828505992889404,10.040651559829712,0.0,,0.0,,,,,,,,3321
note-columns-post-bot,20260629_214924,552fefb075cf436a56b90abf93923ac4c3a5171f,1749788416,機能: ストリーミング評価方式によるDB容量最適化を実装 (#6),False,original,13,0,0,0,0,0,0.257,69.56,original,0.0,0.0,0.5667023658752441,0.0,0.5667023658752441,,,,,,,,,,,3621
note-columns-post-bot,20260629_214924,552fefb075cf436a56b90abf93923ac4c3a5171f,1749788416,機能: ストリーミング評価方式によるDB容量最適化を実装 (#6),False,pymop,13,0,0,0,0,0,0.368,69.56,pymop,0.906700611114502,0.3387868404388428,3.350882053375244,0.0,4.596369504928589,1.0,FileClosedAnalysis=1,1.0,FileClosedAnalysis=1,FileClosedAnalysis:/usr/lib/python3.12/logging/__init__.py:1263=1,FileClosedAnalysis:/usr/lib/python3.12/logging/__init__.py:1263={'backend/tests/test_simple.py::test_python_files_syntax'},161.0,BuiltinAllAnalysis=1<>ComparisonBehaviorAnalysis=1<>InPlaceSortAnalysis=1<>InvalidComparisonAnalysis=1<>NLTK_RegexpTokenizerCapturingParentheses=1<>NLTK_regexp_span_tokenize=1<>NonFinitesAnalysis=1<>PriorityQueue_NonComparable=1<>PyDocs_MustLockOnce=1<>PyDocs_UselessIterTee=1<>StringConcatAnalysis=1<>StringStripAnalysis=1<>WrongTypeAddedAnalysis=1<>FileClosedAnalysis=112<>UnsafeDictIterator=20<>UnsafeListIterator=16,2543.0,BuiltinAllAnalysis=violation=376<>ComparisonBehaviorAnalysis=eq_end=21<>InPlaceSortAnalysis=list_used=28<>InPlaceSortAnalysis=end_execution=1<>InvalidComparisonAnalysis=after_comparison=21<>NonFinitesAnalysis=non_finite_op=376<>PyDocs_UselessIterTee=end=1<>WrongTypeAddedAnalysis=check_append=376<>WrongTypeAddedAnalysis=check_insert=376<>WrongTypeAddedAnalysis=check_extend=376<>WrongTypeAddedAnalysis=check_add=376<>FileClosedAnalysis=open=57<>FileClosedAnalysis=close=55<>FileClosedAnalysis=end=55<>UnsafeDictIterator=createDict=22<>UnsafeDictIterator=updateDict=5<>UnsafeListIterator=createList=21,3621
note-columns-post-bot,20260629_214924,552fefb075cf436a56b90abf93923ac4c3a5171f,1749788416,機能: ストリーミング評価方式によるDB容量最適化を実装 (#6),False,pymop_libs,13,0,0,0,0,0,3.957,69.56,pymop_libs,5.675091743469238,0.276655912399292,9.59569239616394,0.0,15.54744005203247,1.0,FileClosedAnalysis=1,1.0,FileClosedAnalysis=1,FileClosedAnalysis:/usr/lib/python3.12/logging/__init__.py:1263=1,FileClosedAnalysis:/usr/lib/python3.12/logging/__init__.py:1263={'backend/tests/test_simple.py::test_python_files_syntax'},4121.0,BuiltinAllAnalysis=1<>ComparisonBehaviorAnalysis=1<>InPlaceSortAnalysis=1<>InvalidComparisonAnalysis=1<>NLTK_RegexpTokenizerCapturingParentheses=1<>NLTK_regexp_span_tokenize=1<>NonFinitesAnalysis=1<>PriorityQueue_NonComparable=1<>PyDocs_MustLockOnce=1<>PyDocs_UselessIterTee=1<>NLTK_NonterminalSymbolMutability=22<>StringConcatAnalysis=1<>StringStripAnalysis=1<>WrongTypeAddedAnalysis=1<>UnsafeListIterator=2546<>UnsafeDictIterator=1426<>ArgParse_Parent=1<>FileClosedAnalysis=112<>faulthandler_disableBeforeClose=1,643505.0,BuiltinAllAnalysis=violation=99132<>ComparisonBehaviorAnalysis=ne_end=736<>ComparisonBehaviorAnalysis=eq_end=10931<>InPlaceSortAnalysis=list_used=9804<>InPlaceSortAnalysis=list_sorted=19<>InPlaceSortAnalysis=end_execution=1<>InvalidComparisonAnalysis=after_comparison=11655<>NonFinitesAnalysis=non_finite_op=99022<>PyDocs_UselessIterTee=end=1<>NLTK_NonterminalSymbolMutability=nonterminal_created=22<>StringConcatAnalysis=add=2011<>StringStripAnalysis=strip=39<>WrongTypeAddedAnalysis=check_append=99074<>WrongTypeAddedAnalysis=check_insert=99074<>WrongTypeAddedAnalysis=check_extend=99074<>WrongTypeAddedAnalysis=check_add=99074<>WrongTypeAddedAnalysis=check_add_assign=2011<>UnsafeListIterator=createList=6224<>UnsafeDictIterator=createDict=1790<>UnsafeDictIterator=updateDict=3640<>ArgParse_Parent=created=1<>ArgParse_Parent=argument_added=1<>FileClosedAnalysis=open=57<>FileClosedAnalysis=close=55<>FileClosedAnalysis=end=55<>faulthandler_disableBeforeClose=register=1<>faulthandler_disableBeforeClose=unregister=1,3621
note-columns-post-bot,20260629_214924,552fefb075cf436a56b90abf93923ac4c3a5171f,1749788416,機能: ストリーミング評価方式によるDB容量最適化を実装 (#6),False,dylin,13,0,0,0,0,0,2.497,69.56,dylin,5.564619302749634,0.0,3.9723076820373535,0.1764986515045166,9.713425636291504,0.0,,0.0,,,,,,,,3621
note-columns-post-bot,20260629_214924,feb2b01405591a69d596c21070cd2ef7080ef6bf,1749874769,機能: エンタメカテゴリ拡張とAI評価システム改善 (#8),False,original,13,0,0,0,0,0,0.229,69.56,original,0.0,0.0,0.5337309837341309,0.0,0.5337309837341309,,,,,,,,,,,3627
note-columns-post-bot,20260629_214924,feb2b01405591a69d596c21070cd2ef7080ef6bf,1749874769,機能: エンタメカテゴリ拡張とAI評価システム改善 (#8),False,pymop,13,0,0,0,0,0,0.333,69.56,pymop,0.8823497295379639,0.310389757156372,3.1059234142303467,0.0,4.298662900924683,1.0,FileClosedAnalysis=1,1.0,FileClosedAnalysis=1,FileClosedAnalysis:/usr/lib/python3.12/logging/__init__.py:1263=1,FileClosedAnalysis:/usr/lib/python3.12/logging/__init__.py:1263={'backend/tests/test_simple.py::test_python_files_syntax'},165.0,BuiltinAllAnalysis=1<>ComparisonBehaviorAnalysis=1<>InPlaceSortAnalysis=1<>InvalidComparisonAnalysis=1<>NLTK_RegexpTokenizerCapturingParentheses=1<>NLTK_regexp_span_tokenize=1<>NonFinitesAnalysis=1<>PriorityQueue_NonComparable=1<>PyDocs_MustLockOnce=1<>PyDocs_UselessIterTee=1<>StringConcatAnalysis=1<>StringStripAnalysis=1<>WrongTypeAddedAnalysis=1<>FileClosedAnalysis=112<>UnsafeDictIterator=22<>UnsafeListIterator=18,2543.0,BuiltinAllAnalysis=violation=376<>ComparisonBehaviorAnalysis=eq_end=21<>InPlaceSortAnalysis=list_used=28<>InPlaceSortAnalysis=end_execution=1<>InvalidComparisonAnalysis=after_comparison=21<>NonFinitesAnalysis=non_finite_op=376<>PyDocs_UselessIterTee=end=1<>WrongTypeAddedAnalysis=check_append=376<>WrongTypeAddedAnalysis=check_insert=376<>WrongTypeAddedAnalysis=check_extend=376<>WrongTypeAddedAnalysis=check_add=376<>FileClosedAnalysis=open=57<>FileClosedAnalysis=close=55<>FileClosedAnalysis=end=55<>UnsafeDictIterator=createDict=22<>UnsafeDictIterator=updateDict=5<>UnsafeListIterator=createList=21,3627
note-columns-post-bot,20260629_214924,feb2b01405591a69d596c21070cd2ef7080ef6bf,1749874769,機能: エンタメカテゴリ拡張とAI評価システム改善 (#8),False,pymop_libs,13,0,0,0,0,0,3.816,69.56,pymop_libs,5.826630115509033,0.276069164276123,9.215525388717651,0.0,15.318224668502808,1.0,FileClosedAnalysis=1,1.0,FileClosedAnalysis=1,FileClosedAnalysis:/usr/lib/python3.12/logging/__init__.py:1263=1,FileClosedAnalysis:/usr/lib/python3.12/logging/__init__.py:1263={'backend/tests/test_simple.py::test_python_files_syntax'},4184.0,BuiltinAllAnalysis=1<>ComparisonBehaviorAnalysis=1<>InPlaceSortAnalysis=1<>InvalidComparisonAnalysis=1<>NLTK_RegexpTokenizerCapturingParentheses=1<>NLTK_regexp_span_tokenize=1<>NonFinitesAnalysis=1<>PriorityQueue_NonComparable=1<>PyDocs_MustLockOnce=1<>PyDocs_UselessIterTee=1<>NLTK_NonterminalSymbolMutability=22<>StringConcatAnalysis=1<>StringStripAnalysis=1<>WrongTypeAddedAnalysis=1<>UnsafeListIterator=2595<>UnsafeDictIterator=1440<>ArgParse_Parent=1<>FileClosedAnalysis=112<>faulthandler_disableBeforeClose=1,643175.0,BuiltinAllAnalysis=violation=99099<>ComparisonBehaviorAnalysis=ne_end=736<>ComparisonBehaviorAnalysis=eq_end=10898<>InPlaceSortAnalysis=list_used=9804<>InPlaceSortAnalysis=list_sorted=19<>InPlaceSortAnalysis=end_execution=1<>InvalidComparisonAnalysis=after_comparison=11622<>NonFinitesAnalysis=non_finite_op=98989<>PyDocs_UselessIterTee=end=1<>NLTK_NonterminalSymbolMutability=nonterminal_created=22<>StringConcatAnalysis=add=1978<>StringStripAnalysis=strip=39<>WrongTypeAddedAnalysis=check_append=99041<>WrongTypeAddedAnalysis=check_insert=99041<>WrongTypeAddedAnalysis=check_extend=99041<>WrongTypeAddedAnalysis=check_add=99041<>WrongTypeAddedAnalysis=check_add_assign=1978<>UnsafeListIterator=createList=6224<>UnsafeDictIterator=createDict=1790<>UnsafeDictIterator=updateDict=3640<>ArgParse_Parent=created=1<>ArgParse_Parent=argument_added=1<>FileClosedAnalysis=open=57<>FileClosedAnalysis=close=55<>FileClosedAnalysis=end=55<>faulthandler_disableBeforeClose=register=1<>faulthandler_disableBeforeClose=unregister=1,3627
note-columns-post-bot,20260629_214924,feb2b01405591a69d596c21070cd2ef7080ef6bf,1749874769,機能: エンタメカテゴリ拡張とAI評価システム改善 (#8),False,dylin,13,0,0,0,0,0,2.71,69.56,dylin,5.913740396499634,0.0,4.200856447219849,0.1814718246459961,10.29606866836548,0.0,,0.0,,,,,,,,3627
note-columns-post-bot,20260629_214924,a6d9ccca4ddd35a7a366fd261e809a7ec49de992,1749919310,修正: 記事重複収集問題の解決とデータ整合性の向上 (#12),False,original,13,0,0,0,0,0,0.233,69.56,original,0.0,0.0,0.5449693202972412,0.0,0.5449693202972412,,,,,,,,,,,3978
note-columns-post-bot,20260629_214924,a6d9ccca4ddd35a7a366fd261e809a7ec49de992,1749919310,修正: 記事重複収集問題の解決とデータ整合性の向上 (#12),False,pymop,13,0,0,0,0,0,0.348,69.56,pymop,0.9596362113952636,0.3454978466033935,3.2358431816101074,0.0,4.540977239608765,1.0,FileClosedAnalysis=1,1.0,FileClosedAnalysis=1,FileClosedAnalysis:/usr/lib/python3.12/logging/__init__.py:1263=1,FileClosedAnalysis:/usr/lib/python3.12/logging/__init__.py:1263={'backend/tests/test_simple.py::test_python_files_syntax'},161.0,BuiltinAllAnalysis=1<>ComparisonBehaviorAnalysis=1<>InPlaceSortAnalysis=1<>InvalidComparisonAnalysis=1<>NLTK_RegexpTokenizerCapturingParentheses=1<>NLTK_regexp_span_tokenize=1<>NonFinitesAnalysis=1<>PriorityQueue_NonComparable=1<>PyDocs_MustLockOnce=1<>PyDocs_UselessIterTee=1<>StringConcatAnalysis=1<>StringStripAnalysis=1<>WrongTypeAddedAnalysis=1<>FileClosedAnalysis=112<>UnsafeDictIterator=20<>UnsafeListIterator=16,2543.0,BuiltinAllAnalysis=violation=376<>ComparisonBehaviorAnalysis=eq_end=21<>InPlaceSortAnalysis=list_used=28<>InPlaceSortAnalysis=end_execution=1<>InvalidComparisonAnalysis=after_comparison=21<>NonFinitesAnalysis=non_finite_op=376<>PyDocs_UselessIterTee=end=1<>WrongTypeAddedAnalysis=check_append=376<>WrongTypeAddedAnalysis=check_insert=376<>WrongTypeAddedAnalysis=check_extend=376<>WrongTypeAddedAnalysis=check_add=376<>FileClosedAnalysis=open=57<>FileClosedAnalysis=close=55<>FileClosedAnalysis=end=55<>UnsafeDictIterator=createDict=22<>UnsafeDictIterator=updateDict=5<>UnsafeListIterator=createList=21,3978
note-columns-post-bot,20260629_214924,a6d9ccca4ddd35a7a366fd261e809a7ec49de992,1749919310,修正: 記事重複収集問題の解決とデータ整合性の向上 (#12),False,pymop_libs,13,0,0,0,0,0,3.775,69.56,pymop_libs,5.496673822402954,0.2817883491516113,9.392853498458862,0.0,15.171315670013428,1.0,FileClosedAnalysis=1,1.0,FileClosedAnalysis=1,FileClosedAnalysis:/usr/lib/python3.12/logging/__init__.py:1263=1,FileClosedAnalysis:/usr/lib/python3.12/logging/__init__.py:1263={'backend/tests/test_simple.py::test_python_files_syntax'},4036.0,BuiltinAllAnalysis=1<>ComparisonBehaviorAnalysis=1<>InPlaceSortAnalysis=1<>InvalidComparisonAnalysis=1<>NLTK_RegexpTokenizerCapturingParentheses=1<>NLTK_regexp_span_tokenize=1<>NonFinitesAnalysis=1<>PriorityQueue_NonComparable=1<>PyDocs_MustLockOnce=1<>PyDocs_UselessIterTee=1<>NLTK_NonterminalSymbolMutability=22<>StringConcatAnalysis=1<>StringStripAnalysis=1<>WrongTypeAddedAnalysis=1<>UnsafeListIterator=2497<>UnsafeDictIterator=1390<>ArgParse_Parent=1<>FileClosedAnalysis=112<>faulthandler_disableBeforeClose=1,643175.0,BuiltinAllAnalysis=violation=99099<>ComparisonBehaviorAnalysis=ne_end=736<>ComparisonBehaviorAnalysis=eq_end=10898<>InPlaceSortAnalysis=list_used=9804<>InPlaceSortAnalysis=list_sorted=19<>InPlaceSortAnalysis=end_execution=1<>InvalidComparisonAnalysis=after_comparison=11622<>NonFinitesAnalysis=non_finite_op=98989<>PyDocs_UselessIterTee=end=1<>NLTK_NonterminalSymbolMutability=nonterminal_created=22<>StringConcatAnalysis=add=1978<>StringStripAnalysis=strip=39<>WrongTypeAddedAnalysis=check_append=99041<>WrongTypeAddedAnalysis=check_insert=99041<>WrongTypeAddedAnalysis=check_extend=99041<>WrongTypeAddedAnalysis=check_add=99041<>WrongTypeAddedAnalysis=check_add_assign=1978<>UnsafeListIterator=createList=6224<>UnsafeDictIterator=createDict=1790<>UnsafeDictIterator=updateDict=3640<>ArgParse_Parent=created=1<>ArgParse_Parent=argument_added=1<>FileClosedAnalysis=open=57<>FileClosedAnalysis=close=55<>FileClosedAnalysis=end=55<>faulthandler_disableBeforeClose=register=1<>faulthandler_disableBeforeClose=unregister=1,3978
note-columns-post-bot,20260629_214924,a6d9ccca4ddd35a7a366fd261e809a7ec49de992,1749919310,修正: 記事重複収集問題の解決とデータ整合性の向上 (#12),False,dylin,13,0,0,0,0,0,2.736,69.56,dylin,6.126179456710815,0.0,4.245330572128296,0.1774635314941406,10.548973560333252,0.0,,0.0,,,,,,,,3978
note-columns-post-bot,20260629_214924,23fd21fe18df75d19b77436842eb9701067c0479,1749965499,修正: AI評価重複スコア問題の解決と検出システム実装 (#19),False,original,13,0,0,0,0,0,0.263,54.02,original,0.0,0.0,0.5700986385345459,0.0,0.5700986385345459,,,,,,,,,,,5186
note-columns-post-bot,20260629_214924,23fd21fe18df75d19b77436842eb9701067c0479,1749965499,修正: AI評価重複スコア問題の解決と検出システム実装 (#19),False,pymop,13,0,0,0,0,0,0.369,54.02,pymop,0.9297971725463868,0.3245406150817871,3.375232219696045,0.0,4.629570007324219,1.0,FileClosedAnalysis=1,1.0,FileClosedAnalysis=1,FileClosedAnalysis:/usr/lib/python3.12/logging/__init__.py:1263=1,FileClosedAnalysis:/usr/lib/python3.12/logging/__init__.py:1263={'backend/tests/test_simple.py::test_python_files_syntax'},164.0,BuiltinAllAnalysis=1<>ComparisonBehaviorAnalysis=1<>InPlaceSortAnalysis=1<>InvalidComparisonAnalysis=1<>NLTK_RegexpTokenizerCapturingParentheses=1<>NLTK_regexp_span_tokenize=1<>NonFinitesAnalysis=1<>PriorityQueue_NonComparable=1<>PyDocs_MustLockOnce=1<>PyDocs_UselessIterTee=1<>StringConcatAnalysis=1<>StringStripAnalysis=1<>WrongTypeAddedAnalysis=1<>FileClosedAnalysis=112<>UnsafeDictIterator=22<>UnsafeListIterator=17,2549.0,BuiltinAllAnalysis=violation=377<>ComparisonBehaviorAnalysis=eq_end=21<>InPlaceSortAnalysis=list_used=28<>InPlaceSortAnalysis=end_execution=1<>InvalidComparisonAnalysis=after_comparison=21<>NonFinitesAnalysis=non_finite_op=377<>PyDocs_UselessIterTee=end=1<>WrongTypeAddedAnalysis=check_append=377<>WrongTypeAddedAnalysis=check_insert=377<>WrongTypeAddedAnalysis=check_extend=377<>WrongTypeAddedAnalysis=check_add=377<>FileClosedAnalysis=open=57<>FileClosedAnalysis=close=55<>FileClosedAnalysis=end=55<>UnsafeDictIterator=createDict=22<>UnsafeDictIterator=updateDict=5<>UnsafeListIterator=createList=21,5186
note-columns-post-bot,20260629_214924,23fd21fe18df75d19b77436842eb9701067c0479,1749965499,修正: AI評価重複スコア問題の解決と検出システム実装 (#19),False,pymop_libs,13,0,0,0,0,0,4.003,54.02,pymop_libs,6.0792014598846436,0.2765333652496338,9.94839358329773,0.0,16.304128408432007,1.0,FileClosedAnalysis=1,1.0,FileClosedAnalysis=1,FileClosedAnalysis:/usr/lib/python3.12/logging/__init__.py:1263=1,FileClosedAnalysis:/usr/lib/python3.12/logging/__init__.py:1263={'backend/tests/test_simple.py::test_python_files_syntax'},4017.0,BuiltinAllAnalysis=1<>ComparisonBehaviorAnalysis=1<>InPlaceSortAnalysis=1<>InvalidComparisonAnalysis=1<>NLTK_RegexpTokenizerCapturingParentheses=1<>NLTK_regexp_span_tokenize=1<>NonFinitesAnalysis=1<>PriorityQueue_NonComparable=1<>PyDocs_MustLockOnce=1<>PyDocs_UselessIterTee=1<>NLTK_NonterminalSymbolMutability=22<>StringConcatAnalysis=1<>StringStripAnalysis=1<>WrongTypeAddedAnalysis=1<>UnsafeListIterator=2498<>UnsafeDictIterator=1370<>ArgParse_Parent=1<>FileClosedAnalysis=112<>faulthandler_disableBeforeClose=1,648547.0,BuiltinAllAnalysis=violation=99894<>ComparisonBehaviorAnalysis=ne_end=736<>ComparisonBehaviorAnalysis=eq_end=11055<>InPlaceSortAnalysis=list_used=9885<>InPlaceSortAnalysis=list_sorted=19<>InPlaceSortAnalysis=end_execution=1<>InvalidComparisonAnalysis=after_comparison=11779<>NonFinitesAnalysis=non_finite_op=99784<>PyDocs_UselessIterTee=end=1<>NLTK_NonterminalSymbolMutability=nonterminal_created=22<>StringConcatAnalysis=add=2047<>StringStripAnalysis=strip=39<>WrongTypeAddedAnalysis=check_append=99846<>WrongTypeAddedAnalysis=check_insert=99846<>WrongTypeAddedAnalysis=check_extend=99846<>WrongTypeAddedAnalysis=check_add=99846<>WrongTypeAddedAnalysis=check_add_assign=2047<>UnsafeListIterator=createList=6242<>UnsafeDictIterator=createDict=1796<>UnsafeDictIterator=updateDict=3645<>ArgParse_Parent=created=1<>ArgParse_Parent=argument_added=1<>FileClosedAnalysis=open=57<>FileClosedAnalysis=close=55<>FileClosedAnalysis=end=55<>faulthandler_disableBeforeClose=register=1<>faulthandler_disableBeforeClose=unregister=1,5186
note-columns-post-bot,20260629_214924,23fd21fe18df75d19b77436842eb9701067c0479,1749965499,修正: AI評価重複スコア問題の解決と検出システム実装 (#19),False,dylin,13,0,0,0,0,0,2.496,54.02,dylin,6.386155605316162,0.0,3.7593605518341064,0.1662533283233642,10.311769485473633,0.0,,0.0,,,,,,,,5186
note-columns-post-bot,20260629_214924,5b615b1bcbcc88426ccf6bc123ba7e80ac51ce27,1750069853,修正: AI評価重複スコア問題の完全解決とプロンプト最適化 (#20),False,original,13,0,0,0,0,0,0.268,54.279999999999994,original,0.0,0.0,0.5829377174377441,0.0,0.5829377174377441,,,,,,,,,,,5601
note-columns-post-bot,20260629_214924,5b615b1bcbcc88426ccf6bc123ba7e80ac51ce27,1750069853,修正: AI評価重複スコア問題の完全解決とプロンプト最適化 (#20),False,pymop,13,0,0,0,0,0,0.371,54.279999999999994,pymop,0.9122104644775392,0.3270144462585449,3.3169589042663574,0.0,4.556183815002441,1.0,FileClosedAnalysis=1,1.0,FileClosedAnalysis=1,FileClosedAnalysis:/usr/lib/python3.12/logging/__init__.py:1263=1,FileClosedAnalysis:/usr/lib/python3.12/logging/__init__.py:1263={'backend/tests/test_simple.py::test_python_files_syntax'},164.0,BuiltinAllAnalysis=1<>ComparisonBehaviorAnalysis=1<>InPlaceSortAnalysis=1<>InvalidComparisonAnalysis=1<>NLTK_RegexpTokenizerCapturingParentheses=1<>NLTK_regexp_span_tokenize=1<>NonFinitesAnalysis=1<>PriorityQueue_NonComparable=1<>PyDocs_MustLockOnce=1<>PyDocs_UselessIterTee=1<>StringConcatAnalysis=1<>StringStripAnalysis=1<>WrongTypeAddedAnalysis=1<>FileClosedAnalysis=112<>UnsafeDictIterator=21<>UnsafeListIterator=18,2579.0,BuiltinAllAnalysis=violation=382<>ComparisonBehaviorAnalysis=eq_end=21<>InPlaceSortAnalysis=list_used=28<>InPlaceSortAnalysis=end_execution=1<>InvalidComparisonAnalysis=after_comparison=21<>NonFinitesAnalysis=non_finite_op=382<>PyDocs_UselessIterTee=end=1<>WrongTypeAddedAnalysis=check_append=382<>WrongTypeAddedAnalysis=check_insert=382<>WrongTypeAddedAnalysis=check_extend=382<>WrongTypeAddedAnalysis=check_add=382<>FileClosedAnalysis=open=57<>FileClosedAnalysis=close=55<>FileClosedAnalysis=end=55<>UnsafeDictIterator=createDict=22<>UnsafeDictIterator=updateDict=5<>UnsafeListIterator=createList=21,5601
note-columns-post-bot,20260629_214924,5b615b1bcbcc88426ccf6bc123ba7e80ac51ce27,1750069853,修正: AI評価重複スコア問題の完全解決とプロンプト最適化 (#20),False,pymop_libs,13,0,0,0,0,0,3.863,54.279999999999994,pymop_libs,5.839671850204468,0.2725627422332763,9.565231561660768,0.0,15.67746615409851,1.0,FileClosedAnalysis=1,1.0,FileClosedAnalysis=1,FileClosedAnalysis:/usr/lib/python3.12/logging/__init__.py:1263=1,FileClosedAnalysis:/usr/lib/python3.12/logging/__init__.py:1263={'backend/tests/test_simple.py::test_python_files_syntax'},4168.0,BuiltinAllAnalysis=1<>ComparisonBehaviorAnalysis=1<>InPlaceSortAnalysis=1<>InvalidComparisonAnalysis=1<>NLTK_RegexpTokenizerCapturingParentheses=1<>NLTK_regexp_span_tokenize=1<>NonFinitesAnalysis=1<>PriorityQueue_NonComparable=1<>PyDocs_MustLockOnce=1<>PyDocs_UselessIterTee=1<>NLTK_NonterminalSymbolMutability=22<>StringConcatAnalysis=1<>StringStripAnalysis=1<>WrongTypeAddedAnalysis=1<>UnsafeListIterator=2587<>UnsafeDictIterator=1432<>ArgParse_Parent=1<>FileClosedAnalysis=112<>faulthandler_disableBeforeClose=1,662163.0,BuiltinAllAnalysis=violation=102013<>ComparisonBehaviorAnalysis=ne_end=737<>ComparisonBehaviorAnalysis=eq_end=11393<>InPlaceSortAnalysis=list_used=10066<>InPlaceSortAnalysis=list_sorted=19<>InPlaceSortAnalysis=end_execution=1<>InvalidComparisonAnalysis=after_comparison=12118<>NonFinitesAnalysis=non_finite_op=101903<>PyDocs_UselessIterTee=end=1<>NLTK_NonterminalSymbolMutability=nonterminal_created=22<>StringConcatAnalysis=add=1996<>StringStripAnalysis=strip=39<>WrongTypeAddedAnalysis=check_append=101965<>WrongTypeAddedAnalysis=check_insert=101965<>WrongTypeAddedAnalysis=check_extend=101965<>WrongTypeAddedAnalysis=check_add=101965<>WrongTypeAddedAnalysis=check_add_assign=1996<>UnsafeListIterator=createList=6332<>UnsafeDictIterator=createDict=1826<>UnsafeDictIterator=updateDict=3670<>ArgParse_Parent=created=1<>ArgParse_Parent=argument_added=1<>FileClosedAnalysis=open=57<>FileClosedAnalysis=close=55<>FileClosedAnalysis=end=55<>faulthandler_disableBeforeClose=register=1<>faulthandler_disableBeforeClose=unregister=1,5601
note-columns-post-bot,20260629_214924,5b615b1bcbcc88426ccf6bc123ba7e80ac51ce27,1750069853,修正: AI評価重複スコア問題の完全解決とプロンプト最適化 (#20),False,dylin,13,0,0,0,0,0,2.616,54.279999999999994,dylin,6.082224369049072,0.0,3.9944214820861816,0.1752843856811523,10.251930236816406,0.0,,0.0,,,,,,,,5601
note-columns-post-bot,20260629_214924,a030aa1c913c794ab48e1ecfab522aed07b7f202,1750071581,機能: AI評価重複スコア自動再評価システムの実装 (#18) (#21),False,original,13,0,0,0,0,0,0.26,54.48,original,0.0,0.0,0.5773916244506836,0.0,0.5773916244506836,,,,,,,,,,,5507
note-columns-post-bot,20260629_214924,a030aa1c913c794ab48e1ecfab522aed07b7f202,1750071581,機能: AI評価重複スコア自動再評価システムの実装 (#18) (#21),False,pymop,13,0,0,0,0,0,0.358,54.48,pymop,0.9575886726379396,0.3333785533905029,3.3077356815338135,0.0,4.598702907562256,1.0,FileClosedAnalysis=1,1.0,FileClosedAnalysis=1,FileClosedAnalysis:/usr/lib/python3.12/logging/__init__.py:1263=1,FileClosedAnalysis:/usr/lib/python3.12/logging/__init__.py:1263={'backend/tests/test_simple.py::test_python_files_syntax'},162.0,BuiltinAllAnalysis=1<>ComparisonBehaviorAnalysis=1<>InPlaceSortAnalysis=1<>InvalidComparisonAnalysis=1<>NLTK_RegexpTokenizerCapturingParentheses=1<>NLTK_regexp_span_tokenize=1<>NonFinitesAnalysis=1<>PriorityQueue_NonComparable=1<>PyDocs_MustLockOnce=1<>PyDocs_UselessIterTee=1<>StringConcatAnalysis=1<>StringStripAnalysis=1<>WrongTypeAddedAnalysis=1<>FileClosedAnalysis=112<>UnsafeDictIterator=20<>UnsafeListIterator=17,2579.0,BuiltinAllAnalysis=violation=382<>ComparisonBehaviorAnalysis=eq_end=21<>InPlaceSortAnalysis=list_used=28<>InPlaceSortAnalysis=end_execution=1<>InvalidComparisonAnalysis=after_comparison=21<>NonFinitesAnalysis=non_finite_op=382<>PyDocs_UselessIterTee=end=1<>WrongTypeAddedAnalysis=check_append=382<>WrongTypeAddedAnalysis=check_insert=382<>WrongTypeAddedAnalysis=check_extend=382<>WrongTypeAddedAnalysis=check_add=382<>FileClosedAnalysis=open=57<>FileClosedAnalysis=close=55<>FileClosedAnalysis=end=55<>UnsafeDictIterator=createDict=22<>UnsafeDictIterator=updateDict=5<>UnsafeListIterator=createList=21,5507
note-columns-post-bot,20260629_214924,a030aa1c913c794ab48e1ecfab522aed07b7f202,1750071581,機能: AI評価重複スコア自動再評価システムの実装 (#18) (#21),False,pymop_libs,13,0,0,0,0,0,4.157,54.48,pymop_libs,5.985240459442139,0.3167328834533691,9.871068477630615,0.0,16.173041820526123,1.0,FileClosedAnalysis=1,1.0,FileClosedAnalysis=1,FileClosedAnalysis:/usr/lib/python3.12/logging/__init__.py:1263=1,FileClosedAnalysis:/usr/lib/python3.12/logging/__init__.py:1263={'backend/tests/test_simple.py::test_python_files_syntax'},4290.0,BuiltinAllAnalysis=1<>ComparisonBehaviorAnalysis=1<>InPlaceSortAnalysis=1<>InvalidComparisonAnalysis=1<>NLTK_RegexpTokenizerCapturingParentheses=1<>NLTK_regexp_span_tokenize=1<>NonFinitesAnalysis=1<>PriorityQueue_NonComparable=1<>PyDocs_MustLockOnce=1<>PyDocs_UselessIterTee=1<>NLTK_NonterminalSymbolMutability=22<>StringConcatAnalysis=1<>StringStripAnalysis=1<>WrongTypeAddedAnalysis=1<>UnsafeListIterator=2682<>UnsafeDictIterator=1459<>ArgParse_Parent=1<>FileClosedAnalysis=112<>faulthandler_disableBeforeClose=1,669778.0,BuiltinAllAnalysis=violation=103120<>ComparisonBehaviorAnalysis=ne_end=737<>ComparisonBehaviorAnalysis=eq_end=11733<>InPlaceSortAnalysis=list_used=10194<>InPlaceSortAnalysis=list_sorted=19<>InPlaceSortAnalysis=end_execution=1<>InvalidComparisonAnalysis=after_comparison=12458<>NonFinitesAnalysis=non_finite_op=103010<>PyDocs_UselessIterTee=end=1<>NLTK_NonterminalSymbolMutability=nonterminal_created=22<>StringConcatAnalysis=add=2033<>StringStripAnalysis=strip=39<>WrongTypeAddedAnalysis=check_append=103072<>WrongTypeAddedAnalysis=check_insert=103072<>WrongTypeAddedAnalysis=check_extend=103072<>WrongTypeAddedAnalysis=check_add=103072<>WrongTypeAddedAnalysis=check_add_assign=2033<>UnsafeListIterator=createList=6387<>UnsafeDictIterator=createDict=1846<>UnsafeDictIterator=updateDict=3686<>ArgParse_Parent=created=1<>ArgParse_Parent=argument_added=1<>FileClosedAnalysis=open=57<>FileClosedAnalysis=close=55<>FileClosedAnalysis=end=55<>faulthandler_disableBeforeClose=register=1<>faulthandler_disableBeforeClose=unregister=1,5507
note-columns-post-bot,20260629_214924,a030aa1c913c794ab48e1ecfab522aed07b7f202,1750071581,機能: AI評価重複スコア自動再評価システムの実装 (#18) (#21),False,dylin,13,0,0,0,0,0,2.554,54.48,dylin,6.20193886756897,0.0,3.8652734756469727,0.170241117477417,10.23745346069336,0.0,,0.0,,,,,,,,5507
note-columns-post-bot,20260629_214924,0c42b93377db5d6049be8dd495c0a608d414a1df,1750075517,修正: AI評価重複スコア問題の完全解決とプロンプト最適化 (#23),False,original,13,0,0,0,0,0,0.328,51.980000000000004,original,0.0,0.0,0.648421049118042,0.0,0.648421049118042,,,,,,,,,,,5507
note-columns-post-bot,20260629_214924,0c42b93377db5d6049be8dd495c0a608d414a1df,1750075517,修正: AI評価重複スコア問題の完全解決とプロンプト最適化 (#23),False,pymop,13,0,0,0,0,0,0.365,51.980000000000004,pymop,0.9061365127563475,0.3277931213378906,3.2987282276153564,0.0,4.532657861709595,1.0,FileClosedAnalysis=1,1.0,FileClosedAnalysis=1,FileClosedAnalysis:/usr/lib/python3.12/logging/__init__.py:1263=1,FileClosedAnalysis:/usr/lib/python3.12/logging/__init__.py:1263={'backend/tests/test_simple.py::test_python_files_syntax'},164.0,BuiltinAllAnalysis=1<>ComparisonBehaviorAnalysis=1<>InPlaceSortAnalysis=1<>InvalidComparisonAnalysis=1<>NLTK_RegexpTokenizerCapturingParentheses=1<>NLTK_regexp_span_tokenize=1<>NonFinitesAnalysis=1<>PriorityQueue_NonComparable=1<>PyDocs_MustLockOnce=1<>PyDocs_UselessIterTee=1<>StringConcatAnalysis=1<>StringStripAnalysis=1<>WrongTypeAddedAnalysis=1<>FileClosedAnalysis=112<>UnsafeDictIterator=20<>UnsafeListIterator=19,2579.0,BuiltinAllAnalysis=violation=382<>ComparisonBehaviorAnalysis=eq_end=21<>InPlaceSortAnalysis=list_used=28<>InPlaceSortAnalysis=end_execution=1<>InvalidComparisonAnalysis=after_comparison=21<>NonFinitesAnalysis=non_finite_op=382<>PyDocs_UselessIterTee=end=1<>WrongTypeAddedAnalysis=check_append=382<>WrongTypeAddedAnalysis=check_insert=382<>WrongTypeAddedAnalysis=check_extend=382<>WrongTypeAddedAnalysis=check_add=382<>FileClosedAnalysis=open=57<>FileClosedAnalysis=close=55<>FileClosedAnalysis=end=55<>UnsafeDictIterator=createDict=22<>UnsafeDictIterator=updateDict=5<>UnsafeListIterator=createList=21,5507
note-columns-post-bot,20260629_214924,0c42b93377db5d6049be8dd495c0a608d414a1df,1750075517,修正: AI評価重複スコア問題の完全解決とプロンプト最適化 (#23),False,pymop_libs,13,0,0,0,0,0,4.167,51.980000000000004,pymop_libs,5.941099405288696,0.266352891921997,10.501514196395874,0.0,16.708966493606567,1.0,FileClosedAnalysis=1,1.0,FileClosedAnalysis=1,FileClosedAnalysis:/usr/lib/python3.12/logging/__init__.py:1263=1,FileClosedAnalysis:/usr/lib/python3.12/logging/__init__.py:1263={'backend/tests/test_simple.py::test_python_files_syntax'},4242.0,BuiltinAllAnalysis=1<>ComparisonBehaviorAnalysis=1<>InPlaceSortAnalysis=1<>InvalidComparisonAnalysis=1<>NLTK_RegexpTokenizerCapturingParentheses=1<>NLTK_regexp_span_tokenize=1<>NonFinitesAnalysis=1<>PriorityQueue_NonComparable=1<>PyDocs_MustLockOnce=1<>PyDocs_UselessIterTee=1<>NLTK_NonterminalSymbolMutability=22<>StringConcatAnalysis=1<>StringStripAnalysis=1<>WrongTypeAddedAnalysis=1<>UnsafeListIterator=2655<>UnsafeDictIterator=1438<>ArgParse_Parent=1<>FileClosedAnalysis=112<>faulthandler_disableBeforeClose=1,669868.0,BuiltinAllAnalysis=violation=103153<>ComparisonBehaviorAnalysis=ne_end=737<>ComparisonBehaviorAnalysis=eq_end=11703<>InPlaceSortAnalysis=list_used=10204<>InPlaceSortAnalysis=list_sorted=19<>InPlaceSortAnalysis=end_execution=1<>InvalidComparisonAnalysis=after_comparison=12428<>NonFinitesAnalysis=non_finite_op=103043<>PyDocs_UselessIterTee=end=1<>NLTK_NonterminalSymbolMutability=nonterminal_created=22<>StringConcatAnalysis=add=2000<>StringStripAnalysis=strip=39<>WrongTypeAddedAnalysis=check_append=103107<>WrongTypeAddedAnalysis=check_insert=103107<>WrongTypeAddedAnalysis=check_extend=103107<>WrongTypeAddedAnalysis=check_add=103107<>WrongTypeAddedAnalysis=check_add_assign=2000<>UnsafeListIterator=createList=6387<>UnsafeDictIterator=createDict=1846<>UnsafeDictIterator=updateDict=3686<>ArgParse_Parent=created=1<>ArgParse_Parent=argument_added=1<>FileClosedAnalysis=open=57<>FileClosedAnalysis=close=55<>FileClosedAnalysis=end=55<>faulthandler_disableBeforeClose=register=1<>faulthandler_disableBeforeClose=unregister=1,5507
note-columns-post-bot,20260629_214924,0c42b93377db5d6049be8dd495c0a608d414a1df,1750075517,修正: AI評価重複スコア問題の完全解決とプロンプト最適化 (#23),False,dylin,13,0,0,0,0,0,2.663,51.980000000000004,dylin,6.113439559936523,0.0,4.112443923950195,0.1769177913665771,10.402801275253296,0.0,,0.0,,,,,,,,5507
note-columns-post-bot,20260629_214924,51f63f5c58c75c57cc4a24023845a3327c97f13e,1750079055,修正: データベース保存問題の解決とローカルテストルール追加 (#24),False,original,13,0,0,0,0,0,0.375,17.73,original,0.0,0.0,0.698479175567627,0.0,0.698479175567627,,,,,,,,,,,5549
note-columns-post-bot,20260629_214924,51f63f5c58c75c57cc4a24023845a3327c97f13e,1750079055,修正: データベース保存問題の解決とローカルテストルール追加 (#24),False,pymop,13,0,0,0,0,0,0.338,17.73,pymop,0.877593994140625,0.3210258483886719,3.128012418746948,0.0,4.326632261276245,1.0,FileClosedAnalysis=1,1.0,FileClosedAnalysis=1,FileClosedAnalysis:/usr/lib/python3.12/logging/__init__.py:1263=1,FileClosedAnalysis:/usr/lib/python3.12/logging/__init__.py:1263={'backend/tests/test_simple.py::test_python_files_syntax'},165.0,BuiltinAllAnalysis=1<>ComparisonBehaviorAnalysis=1<>InPlaceSortAnalysis=1<>InvalidComparisonAnalysis=1<>NLTK_RegexpTokenizerCapturingParentheses=1<>NLTK_regexp_span_tokenize=1<>NonFinitesAnalysis=1<>PriorityQueue_NonComparable=1<>PyDocs_MustLockOnce=1<>PyDocs_UselessIterTee=1<>StringConcatAnalysis=1<>StringStripAnalysis=1<>WrongTypeAddedAnalysis=1<>FileClosedAnalysis=112<>UnsafeDictIterator=22<>UnsafeListIterator=18,2615.0,BuiltinAllAnalysis=violation=388<>ComparisonBehaviorAnalysis=eq_end=21<>InPlaceSortAnalysis=list_used=28<>InPlaceSortAnalysis=end_execution=1<>InvalidComparisonAnalysis=after_comparison=21<>NonFinitesAnalysis=non_finite_op=388<>PyDocs_UselessIterTee=end=1<>WrongTypeAddedAnalysis=check_append=388<>WrongTypeAddedAnalysis=check_insert=388<>WrongTypeAddedAnalysis=check_extend=388<>WrongTypeAddedAnalysis=check_add=388<>FileClosedAnalysis=open=57<>FileClosedAnalysis=close=55<>FileClosedAnalysis=end=55<>UnsafeDictIterator=createDict=22<>UnsafeDictIterator=updateDict=5<>UnsafeListIterator=createList=21,5549
note-columns-post-bot,20260629_214924,51f63f5c58c75c57cc4a24023845a3327c97f13e,1750079055,修正: データベース保存問題の解決とローカルテストルール追加 (#24),False,pymop_libs,13,0,0,0,0,0,4.159,17.73,pymop_libs,5.58791446685791,0.272416353225708,9.828210830688477,0.0,15.688541650772097,1.0,FileClosedAnalysis=1,1.0,FileClosedAnalysis=1,FileClosedAnalysis:/usr/lib/python3.12/logging/__init__.py:1263=1,FileClosedAnalysis:/usr/lib/python3.12/logging/__init__.py:1263={'backend/tests/test_simple.py::test_python_files_syntax'},4253.0,BuiltinAllAnalysis=1<>ComparisonBehaviorAnalysis=1<>InPlaceSortAnalysis=1<>InvalidComparisonAnalysis=1<>NLTK_RegexpTokenizerCapturingParentheses=1<>NLTK_regexp_span_tokenize=1<>NonFinitesAnalysis=1<>PriorityQueue_NonComparable=1<>PyDocs_MustLockOnce=1<>PyDocs_UselessIterTee=1<>NLTK_NonterminalSymbolMutability=22<>StringConcatAnalysis=1<>StringStripAnalysis=1<>WrongTypeAddedAnalysis=1<>UnsafeListIterator=2623<>UnsafeDictIterator=1481<>ArgParse_Parent=1<>FileClosedAnalysis=112<>faulthandler_disableBeforeClose=1,670995.0,BuiltinAllAnalysis=violation=103311<>ComparisonBehaviorAnalysis=ne_end=744<>ComparisonBehaviorAnalysis=eq_end=11741<>InPlaceSortAnalysis=list_used=10216<>InPlaceSortAnalysis=list_sorted=19<>InPlaceSortAnalysis=end_execution=1<>InvalidComparisonAnalysis=after_comparison=12473<>NonFinitesAnalysis=non_finite_op=103201<>PyDocs_UselessIterTee=end=1<>NLTK_NonterminalSymbolMutability=nonterminal_created=22<>StringConcatAnalysis=add=2033<>StringStripAnalysis=strip=39<>WrongTypeAddedAnalysis=check_append=103267<>WrongTypeAddedAnalysis=check_insert=103267<>WrongTypeAddedAnalysis=check_extend=103267<>WrongTypeAddedAnalysis=check_add=103267<>WrongTypeAddedAnalysis=check_add_assign=2033<>UnsafeListIterator=createList=6390<>UnsafeDictIterator=createDict=1846<>UnsafeDictIterator=updateDict=3686<>ArgParse_Parent=created=1<>ArgParse_Parent=argument_added=1<>FileClosedAnalysis=open=57<>FileClosedAnalysis=close=55<>FileClosedAnalysis=end=55<>faulthandler_disableBeforeClose=register=1<>faulthandler_disableBeforeClose=unregister=1,5549
note-columns-post-bot,20260629_214924,51f63f5c58c75c57cc4a24023845a3327c97f13e,1750079055,修正: データベース保存問題の解決とローカルテストルール追加 (#24),False,dylin,13,0,0,0,0,0,2.638,17.73,dylin,6.314530849456787,0.0,3.98368501663208,0.1729207038879394,10.471136569976808,0.0,,0.0,,,,,,,,5549
note-columns-post-bot,20260629_214924,b49569eea94720e128b1c51cb90754019250678f,1750119782,修正: Gitワークフローにgit pullルールを追加 (#32),False,original,13,0,0,0,0,0,0.365,17.53,original,0.0,0.0,0.6876404285430908,0.0,0.6876404285430908,,,,,,,,,,,5562
note-columns-post-bot,20260629_214924,b49569eea94720e128b1c51cb90754019250678f,1750119782,修正: Gitワークフローにgit pullルールを追加 (#32),False,pymop,13,0,0,0,0,0,0.367,17.53,pymop,0.9847233295440674,0.3536019325256347,3.354750156402588,0.0,4.69307541847229,1.0,FileClosedAnalysis=1,1.0,FileClosedAnalysis=1,FileClosedAnalysis:/usr/lib/python3.12/logging/__init__.py:1263=1,FileClosedAnalysis:/usr/lib/python3.12/logging/__init__.py:1263={'backend/tests/test_simple.py::test_python_files_syntax'},165.0,BuiltinAllAnalysis=1<>ComparisonBehaviorAnalysis=1<>InPlaceSortAnalysis=1<>InvalidComparisonAnalysis=1<>NLTK_RegexpTokenizerCapturingParentheses=1<>NLTK_regexp_span_tokenize=1<>NonFinitesAnalysis=1<>PriorityQueue_NonComparable=1<>PyDocs_MustLockOnce=1<>PyDocs_UselessIterTee=1<>StringConcatAnalysis=1<>StringStripAnalysis=1<>WrongTypeAddedAnalysis=1<>FileClosedAnalysis=112<>UnsafeDictIterator=20<>UnsafeListIterator=20,2579.0,BuiltinAllAnalysis=violation=382<>ComparisonBehaviorAnalysis=eq_end=21<>InPlaceSortAnalysis=list_used=28<>InPlaceSortAnalysis=end_execution=1<>InvalidComparisonAnalysis=after_comparison=21<>NonFinitesAnalysis=non_finite_op=382<>PyDocs_UselessIterTee=end=1<>WrongTypeAddedAnalysis=check_append=382<>WrongTypeAddedAnalysis=check_insert=382<>WrongTypeAddedAnalysis=check_extend=382<>WrongTypeAddedAnalysis=check_add=382<>FileClosedAnalysis=open=57<>FileClosedAnalysis=close=55<>FileClosedAnalysis=end=55<>UnsafeDictIterator=createDict=22<>UnsafeDictIterator=updateDict=5<>UnsafeListIterator=createList=21,5562
note-columns-post-bot,20260629_214924,b49569eea94720e128b1c51cb90754019250678f,1750119782,修正: Gitワークフローにgit pullルールを追加 (#32),False,pymop_libs,13,0,0,0,0,0,4.049,17.53,pymop_libs,6.241976022720337,0.3148720264434814,9.944745779037476,0.0,16.501593828201294,1.0,FileClosedAnalysis=1,1.0,FileClosedAnalysis=1,FileClosedAnalysis:/usr/lib/python3.12/logging/__init__.py:1263=1,FileClosedAnalysis:/usr/lib/python3.12/logging/__init__.py:1263={'backend/tests/test_simple.py::test_python_files_syntax'},4180.0,BuiltinAllAnalysis=1<>ComparisonBehaviorAnalysis=1<>InPlaceSortAnalysis=1<>InvalidComparisonAnalysis=1<>NLTK_RegexpTokenizerCapturingParentheses=1<>NLTK_regexp_span_tokenize=1<>NonFinitesAnalysis=1<>PriorityQueue_NonComparable=1<>PyDocs_MustLockOnce=1<>PyDocs_UselessIterTee=1<>NLTK_NonterminalSymbolMutability=22<>StringConcatAnalysis=1<>StringStripAnalysis=1<>WrongTypeAddedAnalysis=1<>UnsafeListIterator=2585<>UnsafeDictIterator=1446<>ArgParse_Parent=1<>FileClosedAnalysis=112<>faulthandler_disableBeforeClose=1,670959.0,BuiltinAllAnalysis=violation=103305<>ComparisonBehaviorAnalysis=ne_end=744<>ComparisonBehaviorAnalysis=eq_end=11741<>InPlaceSortAnalysis=list_used=10216<>InPlaceSortAnalysis=list_sorted=19<>InPlaceSortAnalysis=end_execution=1<>InvalidComparisonAnalysis=after_comparison=12473<>NonFinitesAnalysis=non_finite_op=103195<>PyDocs_UselessIterTee=end=1<>NLTK_NonterminalSymbolMutability=nonterminal_created=22<>StringConcatAnalysis=add=2033<>StringStripAnalysis=strip=39<>WrongTypeAddedAnalysis=check_append=103261<>WrongTypeAddedAnalysis=check_insert=103261<>WrongTypeAddedAnalysis=check_extend=103261<>WrongTypeAddedAnalysis=check_add=103261<>WrongTypeAddedAnalysis=check_add_assign=2033<>UnsafeListIterator=createList=6390<>UnsafeDictIterator=createDict=1846<>UnsafeDictIterator=updateDict=3686<>ArgParse_Parent=created=1<>ArgParse_Parent=argument_added=1<>FileClosedAnalysis=open=57<>FileClosedAnalysis=close=55<>FileClosedAnalysis=end=55<>faulthandler_disableBeforeClose=register=1<>faulthandler_disableBeforeClose=unregister=1,5562
note-columns-post-bot,20260629_214924,b49569eea94720e128b1c51cb90754019250678f,1750119782,修正: Gitワークフローにgit pullルールを追加 (#32),False,dylin,13,0,0,0,0,0,2.715,17.53,dylin,6.447997093200684,0.0,4.2012975215911865,0.1708822250366211,10.820176839828491,0.0,,0.0,,,,,,,,5562
note-columns-post-bot,20260629_214924,6e75ad21a81ce15fa717d50306f1ef635078a134,1750162826,main←develop　反映 (#38),False,original,56,0,0,0,0,0,71.054,36.14,original,0.0,0.0,71.58483862876892,0.0,71.58483862876892,,,,,,,,,,,6590
note-columns-post-bot,20260629_214924,6e75ad21a81ce15fa717d50306f1ef635078a134,1750162826,main←develop　反映 (#38),False,pymop,56,0,0,0,0,0,71.031,36.14,pymop,0.9761838912963868,0.3335223197937011,74.18534255027771,0.0,75.4950487613678,15.0,RandomMustUseSeed=13;FileClosedAnalysis=2,2.0,RandomMustUseSeed=1;FileClosedAnalysis=1,RandomMustUseSeed:/backend/app/services/evaluator.py:253=1;FileClosedAnalysis:/usr/lib/python3.12/logging/__init__.py:1263=1,"RandomMustUseSeed:/backend/app/services/evaluator.py:253={'backend/tests/test_error_handling.py::TestInvalidDataHandling::test_evaluator_missing_required_fields', 'backend/tests/test_error_handling.py::TestAPIAuthenticationErrors::test_groq_authentication_error', 'backend/tests/test_error_handling.py::TestAPIAuthenticationErrors::test_groq_rate_limit_error', 'backend/tests/test_error_handling.py::TestExternalServiceFailures::test_groq_service_error', 'backend/tests/test_error_handling.py::TestInvalidDataHandling::test_evaluator_invalid_json_response', 'backend/tests/test_error_handling.py::TestNetworkErrors::test_evaluator_network_retry'};FileClosedAnalysis:/usr/lib/python3.12/logging/__init__.py:1263={'backend/tests/test_simple.py::test_python_files_syntax'}",328.0,BuiltinAllAnalysis=1<>ComparisonBehaviorAnalysis=1<>InPlaceSortAnalysis=1<>InvalidComparisonAnalysis=1<>NLTK_RegexpTokenizerCapturingParentheses=1<>NLTK_regexp_span_tokenize=1<>NonFinitesAnalysis=1<>PriorityQueue_NonComparable=1<>PyDocs_MustLockOnce=1<>PyDocs_UselessIterTee=1<>StringConcatAnalysis=1<>StringStripAnalysis=1<>WrongTypeAddedAnalysis=1<>FileClosedAnalysis=136<>UnsafeDictIterator=90<>UnsafeListIterator=74<>RandomMustUseSeed=1<>Requests_MustCloseSession=14,8470.0,BuiltinAllAnalysis=violation=1291<>ComparisonBehaviorAnalysis=eq_end=51<>ComparisonBehaviorAnalysis=ne_end=12<>InPlaceSortAnalysis=list_used=49<>InPlaceSortAnalysis=end_execution=1<>InvalidComparisonAnalysis=after_comparison=63<>NonFinitesAnalysis=non_finite_op=1291<>PyDocs_UselessIterTee=end=1<>StringConcatAnalysis=add=34<>StringStripAnalysis=strip=6<>WrongTypeAddedAnalysis=check_append=1305<>WrongTypeAddedAnalysis=check_insert=1305<>WrongTypeAddedAnalysis=check_extend=1305<>WrongTypeAddedAnalysis=check_add=1305<>WrongTypeAddedAnalysis=check_add_assign=34<>FileClosedAnalysis=open=69<>FileClosedAnalysis=close=66<>FileClosedAnalysis=end=67<>UnsafeDictIterator=createDict=99<>UnsafeDictIterator=updateDict=9<>UnsafeListIterator=createList=78<>UnsafeListIterator=updateList=2<>RandomMustUseSeed=all=13<>Requests_MustCloseSession=init=7<>Requests_MustCloseSession=end=7,6590
note-columns-post-bot,20260629_214924,6e75ad21a81ce15fa717d50306f1ef635078a134,1750162826,main←develop　反映 (#38),False,pymop_libs,56,0,0,0,0,0,84.646,36.14,pymop_libs,5.554638385772705,0.2757165431976318,93.54479765892027,0.0,99.37515258789062,43.0,RandomMustUseSeed=14;WrongTypeAddedAnalysis=1;InvalidComparisonAnalysis=26;FileClosedAnalysis=2,5.0,RandomMustUseSeed=2;WrongTypeAddedAnalysis=1;InvalidComparisonAnalysis=1;FileClosedAnalysis=1,RandomMustUseSeed:/lib/python3.12/site-packages/rich/style.py:22=1;RandomMustUseSeed:/backend/app/services/evaluator.py:253=1;WrongTypeAddedAnalysis:/lib/python3.12/site-packages/click/decorators.py:321=1;InvalidComparisonAnalysis:/lib/python3.12/site-packages/pydantic/_internal/_decorators.py:349=1;FileClosedAnalysis:/usr/lib/python3.12/logging/__init__.py:1263=1,"RandomMustUseSeed:/lib/python3.12/site-packages/rich/style.py:22={None};RandomMustUseSeed:/backend/app/services/evaluator.py:253={'backend/tests/test_error_handling.py::TestInvalidDataHandling::test_evaluator_missing_required_fields', 'backend/tests/test_error_handling.py::TestAPIAuthenticationErrors::test_groq_authentication_error', 'backend/tests/test_error_handling.py::TestAPIAuthenticationErrors::test_groq_rate_limit_error', 'backend/tests/test_error_handling.py::TestExternalServiceFailures::test_groq_service_error', 'backend/tests/test_error_handling.py::TestInvalidDataHandling::test_evaluator_invalid_json_response', 'backend/tests/test_error_handling.py::TestNetworkErrors::test_evaluator_network_retry'};WrongTypeAddedAnalysis:/lib/python3.12/site-packages/click/decorators.py:321={None};InvalidComparisonAnalysis:/lib/python3.12/site-packages/pydantic/_internal/_decorators.py:349={None};FileClosedAnalysis:/usr/lib/python3.12/logging/__init__.py:1263={'backend/tests/test_simple.py::test_python_files_syntax'}",12041.0,BuiltinAllAnalysis=1<>ComparisonBehaviorAnalysis=1<>InPlaceSortAnalysis=1<>InvalidComparisonAnalysis=1<>NLTK_RegexpTokenizerCapturingParentheses=1<>NLTK_regexp_span_tokenize=1<>NonFinitesAnalysis=1<>PriorityQueue_NonComparable=1<>PyDocs_MustLockOnce=1<>PyDocs_UselessIterTee=1<>NLTK_NonterminalSymbolMutability=22<>StringConcatAnalysis=1<>StringStripAnalysis=1<>WrongTypeAddedAnalysis=1<>UnsafeListIterator=7454<>UnsafeDictIterator=4396<>ArgParse_Parent=1<>FileClosedAnalysis=136<>faulthandler_disableBeforeClose=1<>RandomMustUseSeed=2<>Requests_MustCloseSession=16,1871050.0,BuiltinAllAnalysis=violation=286922<>ComparisonBehaviorAnalysis=ne_end=2100<>ComparisonBehaviorAnalysis=eq_end=26583<>InPlaceSortAnalysis=list_used=35579<>InPlaceSortAnalysis=list_sorted=50<>InPlaceSortAnalysis=end_execution=1<>InvalidComparisonAnalysis=after_comparison=28671<>NonFinitesAnalysis=non_finite_op=286812<>PyDocs_UselessIterTee=end=1<>NLTK_NonterminalSymbolMutability=nonterminal_created=22<>StringConcatAnalysis=add=7257<>StringStripAnalysis=strip=298<>WrongTypeAddedAnalysis=check_append=288394<>WrongTypeAddedAnalysis=check_insert=288394<>WrongTypeAddedAnalysis=check_extend=288394<>WrongTypeAddedAnalysis=check_add=288394<>WrongTypeAddedAnalysis=check_add_assign=7257<>UnsafeListIterator=createList=20380<>UnsafeListIterator=updateList=2<>UnsafeDictIterator=createDict=6212<>UnsafeDictIterator=updateDict=9091<>ArgParse_Parent=created=1<>ArgParse_Parent=argument_added=1<>FileClosedAnalysis=open=69<>FileClosedAnalysis=close=66<>FileClosedAnalysis=end=67<>faulthandler_disableBeforeClose=register=1<>faulthandler_disableBeforeClose=unregister=1<>RandomMustUseSeed=all=14<>Requests_MustCloseSession=init=8<>Requests_MustCloseSession=end=8,6590
note-columns-post-bot,20260629_214924,6e75ad21a81ce15fa717d50306f1ef635078a134,1750162826,main←develop　反映 (#38),False,dylin,56,0,0,0,0,0,70.657,36.14,dylin,6.060614109039307,0.0,74.9051558971405,0.1772921085357666,81.14306211471558,0.0,,0.0,,,,,,,,6590
note-columns-post-bot,20260629_214924,8bcdca6c953785b987370dda2ac42b60124df6c3,1750163888,main←develop反映 (#45),False,original,56,0,0,0,0,0,71.003,36.14,original,0.0,0.0,71.48418021202087,0.0,71.48418021202087,,,,,,,,,,,6590
note-columns-post-bot,20260629_214924,8bcdca6c953785b987370dda2ac42b60124df6c3,1750163888,main←develop反映 (#45),False,pymop,56,0,0,0,0,0,71.02,36.14,pymop,0.9305908679962158,0.333043098449707,74.11285185813904,0.0,75.37648582458496,15.0,RandomMustUseSeed=13;FileClosedAnalysis=2,2.0,RandomMustUseSeed=1;FileClosedAnalysis=1,RandomMustUseSeed:/backend/app/services/evaluator.py:253=1;FileClosedAnalysis:/usr/lib/python3.12/logging/__init__.py:1263=1,"RandomMustUseSeed:/backend/app/services/evaluator.py:253={'backend/tests/test_error_handling.py::TestInvalidDataHandling::test_evaluator_missing_required_fields', 'backend/tests/test_error_handling.py::TestAPIAuthenticationErrors::test_groq_authentication_error', 'backend/tests/test_error_handling.py::TestAPIAuthenticationErrors::test_groq_rate_limit_error', 'backend/tests/test_error_handling.py::TestExternalServiceFailures::test_groq_service_error', 'backend/tests/test_error_handling.py::TestInvalidDataHandling::test_evaluator_invalid_json_response', 'backend/tests/test_error_handling.py::TestNetworkErrors::test_evaluator_network_retry'};FileClosedAnalysis:/usr/lib/python3.12/logging/__init__.py:1263={'backend/tests/test_simple.py::test_python_files_syntax'}",327.0,BuiltinAllAnalysis=1<>ComparisonBehaviorAnalysis=1<>InPlaceSortAnalysis=1<>InvalidComparisonAnalysis=1<>NLTK_RegexpTokenizerCapturingParentheses=1<>NLTK_regexp_span_tokenize=1<>NonFinitesAnalysis=1<>PriorityQueue_NonComparable=1<>PyDocs_MustLockOnce=1<>PyDocs_UselessIterTee=1<>StringConcatAnalysis=1<>StringStripAnalysis=1<>WrongTypeAddedAnalysis=1<>FileClosedAnalysis=136<>UnsafeDictIterator=93<>UnsafeListIterator=70<>RandomMustUseSeed=1<>Requests_MustCloseSession=14,8470.0,BuiltinAllAnalysis=violation=1291<>ComparisonBehaviorAnalysis=eq_end=51<>ComparisonBehaviorAnalysis=ne_end=12<>InPlaceSortAnalysis=list_used=49<>InPlaceSortAnalysis=end_execution=1<>InvalidComparisonAnalysis=after_comparison=63<>NonFinitesAnalysis=non_finite_op=1291<>PyDocs_UselessIterTee=end=1<>StringConcatAnalysis=add=34<>StringStripAnalysis=strip=6<>WrongTypeAddedAnalysis=check_append=1305<>WrongTypeAddedAnalysis=check_insert=1305<>WrongTypeAddedAnalysis=check_extend=1305<>WrongTypeAddedAnalysis=check_add=1305<>WrongTypeAddedAnalysis=check_add_assign=34<>FileClosedAnalysis=open=69<>FileClosedAnalysis=close=66<>FileClosedAnalysis=end=67<>UnsafeDictIterator=createDict=99<>UnsafeDictIterator=updateDict=9<>UnsafeListIterator=createList=78<>UnsafeListIterator=updateList=2<>RandomMustUseSeed=all=13<>Requests_MustCloseSession=init=7<>Requests_MustCloseSession=end=7,6590
note-columns-post-bot,20260629_214924,8bcdca6c953785b987370dda2ac42b60124df6c3,1750163888,main←develop反映 (#45),False,pymop_libs,56,0,0,0,0,0,85.47,36.14,pymop_libs,5.624774217605591,0.2653751373291015,94.8536148071289,0.0,100.7437641620636,43.0,RandomMustUseSeed=14;WrongTypeAddedAnalysis=1;InvalidComparisonAnalysis=26;FileClosedAnalysis=2,5.0,RandomMustUseSeed=2;WrongTypeAddedAnalysis=1;InvalidComparisonAnalysis=1;FileClosedAnalysis=1,RandomMustUseSeed:/lib/python3.12/site-packages/rich/style.py:22=1;RandomMustUseSeed:/backend/app/services/evaluator.py:253=1;WrongTypeAddedAnalysis:/lib/python3.12/site-packages/click/decorators.py:321=1;InvalidComparisonAnalysis:/lib/python3.12/site-packages/pydantic/_internal/_decorators.py:349=1;FileClosedAnalysis:/usr/lib/python3.12/logging/__init__.py:1263=1,"RandomMustUseSeed:/lib/python3.12/site-packages/rich/style.py:22={None};RandomMustUseSeed:/backend/app/services/evaluator.py:253={'backend/tests/test_error_handling.py::TestInvalidDataHandling::test_evaluator_missing_required_fields', 'backend/tests/test_error_handling.py::TestAPIAuthenticationErrors::test_groq_authentication_error', 'backend/tests/test_error_handling.py::TestAPIAuthenticationErrors::test_groq_rate_limit_error', 'backend/tests/test_error_handling.py::TestExternalServiceFailures::test_groq_service_error', 'backend/tests/test_error_handling.py::TestInvalidDataHandling::test_evaluator_invalid_json_response', 'backend/tests/test_error_handling.py::TestNetworkErrors::test_evaluator_network_retry'};WrongTypeAddedAnalysis:/lib/python3.12/site-packages/click/decorators.py:321={None};InvalidComparisonAnalysis:/lib/python3.12/site-packages/pydantic/_internal/_decorators.py:349={None};FileClosedAnalysis:/usr/lib/python3.12/logging/__init__.py:1263={'backend/tests/test_simple.py::test_python_files_syntax'}",12169.0,BuiltinAllAnalysis=1<>ComparisonBehaviorAnalysis=1<>InPlaceSortAnalysis=1<>InvalidComparisonAnalysis=1<>NLTK_RegexpTokenizerCapturingParentheses=1<>NLTK_regexp_span_tokenize=1<>NonFinitesAnalysis=1<>PriorityQueue_NonComparable=1<>PyDocs_MustLockOnce=1<>PyDocs_UselessIterTee=1<>NLTK_NonterminalSymbolMutability=22<>StringConcatAnalysis=1<>StringStripAnalysis=1<>WrongTypeAddedAnalysis=1<>UnsafeListIterator=7557<>UnsafeDictIterator=4421<>ArgParse_Parent=1<>FileClosedAnalysis=136<>faulthandler_disableBeforeClose=1<>RandomMustUseSeed=2<>Requests_MustCloseSession=16,1871710.0,BuiltinAllAnalysis=violation=286988<>ComparisonBehaviorAnalysis=ne_end=2100<>ComparisonBehaviorAnalysis=eq_end=26649<>InPlaceSortAnalysis=list_used=35579<>InPlaceSortAnalysis=list_sorted=50<>InPlaceSortAnalysis=end_execution=1<>InvalidComparisonAnalysis=after_comparison=28737<>NonFinitesAnalysis=non_finite_op=286878<>PyDocs_UselessIterTee=end=1<>NLTK_NonterminalSymbolMutability=nonterminal_created=22<>StringConcatAnalysis=add=7323<>StringStripAnalysis=strip=298<>WrongTypeAddedAnalysis=check_append=288460<>WrongTypeAddedAnalysis=check_insert=288460<>WrongTypeAddedAnalysis=check_extend=288460<>WrongTypeAddedAnalysis=check_add=288460<>WrongTypeAddedAnalysis=check_add_assign=7323<>UnsafeListIterator=createList=20380<>UnsafeListIterator=updateList=2<>UnsafeDictIterator=createDict=6212<>UnsafeDictIterator=updateDict=9091<>ArgParse_Parent=created=1<>ArgParse_Parent=argument_added=1<>FileClosedAnalysis=open=69<>FileClosedAnalysis=close=66<>FileClosedAnalysis=end=67<>faulthandler_disableBeforeClose=register=1<>faulthandler_disableBeforeClose=unregister=1<>RandomMustUseSeed=all=14<>Requests_MustCloseSession=init=8<>Requests_MustCloseSession=end=8,6590
note-columns-post-bot,20260629_214924,8bcdca6c953785b987370dda2ac42b60124df6c3,1750163888,main←develop反映 (#45),False,dylin,56,0,0,0,0,0,70.677,36.14,dylin,6.3729400634765625,0.0,74.9120101928711,0.1756751537322998,81.46062541007996,0.0,,0.0,,,,,,,,6590
note-columns-post-bot,20260629_214924,7b5f928c12644ea1101315ceb39e530cf76d654b,1750164494,修正: GitHub Actions非推奨パッケージを最新版に更新 (#46),False,original,56,0,0,0,0,0,70.959,36.14,original,0.0,0.0,71.40197348594666,0.0,71.40197348594666,,,,,,,,,,,6590
note-columns-post-bot,20260629_214924,7b5f928c12644ea1101315ceb39e530cf76d654b,1750164494,修正: GitHub Actions非推奨パッケージを最新版に更新 (#46),False,pymop,56,0,0,0,0,0,70.972,36.14,pymop,0.9484384059906006,0.3068447113037109,74.07257914543152,0.0,75.32786226272583,15.0,RandomMustUseSeed=13;FileClosedAnalysis=2,2.0,RandomMustUseSeed=1;FileClosedAnalysis=1,RandomMustUseSeed:/backend/app/services/evaluator.py:253=1;FileClosedAnalysis:/usr/lib/python3.12/logging/__init__.py:1263=1,"RandomMustUseSeed:/backend/app/services/evaluator.py:253={'backend/tests/test_error_handling.py::TestInvalidDataHandling::test_evaluator_missing_required_fields', 'backend/tests/test_error_handling.py::TestAPIAuthenticationErrors::test_groq_authentication_error', 'backend/tests/test_error_handling.py::TestAPIAuthenticationErrors::test_groq_rate_limit_error', 'backend/tests/test_error_handling.py::TestExternalServiceFailures::test_groq_service_error', 'backend/tests/test_error_handling.py::TestInvalidDataHandling::test_evaluator_invalid_json_response', 'backend/tests/test_error_handling.py::TestNetworkErrors::test_evaluator_network_retry'};FileClosedAnalysis:/usr/lib/python3.12/logging/__init__.py:1263={'backend/tests/test_simple.py::test_python_files_syntax'}",328.0,BuiltinAllAnalysis=1<>ComparisonBehaviorAnalysis=1<>InPlaceSortAnalysis=1<>InvalidComparisonAnalysis=1<>NLTK_RegexpTokenizerCapturingParentheses=1<>NLTK_regexp_span_tokenize=1<>NonFinitesAnalysis=1<>PriorityQueue_NonComparable=1<>PyDocs_MustLockOnce=1<>PyDocs_UselessIterTee=1<>StringConcatAnalysis=1<>StringStripAnalysis=1<>WrongTypeAddedAnalysis=1<>FileClosedAnalysis=136<>UnsafeDictIterator=91<>UnsafeListIterator=73<>RandomMustUseSeed=1<>Requests_MustCloseSession=14,8470.0,BuiltinAllAnalysis=violation=1291<>ComparisonBehaviorAnalysis=eq_end=51<>ComparisonBehaviorAnalysis=ne_end=12<>InPlaceSortAnalysis=list_used=49<>InPlaceSortAnalysis=end_execution=1<>InvalidComparisonAnalysis=after_comparison=63<>NonFinitesAnalysis=non_finite_op=1291<>PyDocs_UselessIterTee=end=1<>StringConcatAnalysis=add=34<>StringStripAnalysis=strip=6<>WrongTypeAddedAnalysis=check_append=1305<>WrongTypeAddedAnalysis=check_insert=1305<>WrongTypeAddedAnalysis=check_extend=1305<>WrongTypeAddedAnalysis=check_add=1305<>WrongTypeAddedAnalysis=check_add_assign=34<>FileClosedAnalysis=open=69<>FileClosedAnalysis=close=66<>FileClosedAnalysis=end=67<>UnsafeDictIterator=createDict=99<>UnsafeDictIterator=updateDict=9<>UnsafeListIterator=createList=78<>UnsafeListIterator=updateList=2<>RandomMustUseSeed=all=13<>Requests_MustCloseSession=init=7<>Requests_MustCloseSession=end=7,6590
note-columns-post-bot,20260629_214924,7b5f928c12644ea1101315ceb39e530cf76d654b,1750164494,修正: GitHub Actions非推奨パッケージを最新版に更新 (#46),False,pymop_libs,56,0,0,0,0,0,85.262,36.14,pymop_libs,5.394988298416138,0.2813265323638916,94.4869978427887,0.0,100.16331267356873,43.0,RandomMustUseSeed=14;WrongTypeAddedAnalysis=1;InvalidComparisonAnalysis=26;FileClosedAnalysis=2,5.0,RandomMustUseSeed=2;WrongTypeAddedAnalysis=1;InvalidComparisonAnalysis=1;FileClosedAnalysis=1,RandomMustUseSeed:/lib/python3.12/site-packages/rich/style.py:22=1;RandomMustUseSeed:/backend/app/services/evaluator.py:253=1;WrongTypeAddedAnalysis:/lib/python3.12/site-packages/click/decorators.py:321=1;InvalidComparisonAnalysis:/lib/python3.12/site-packages/pydantic/_internal/_decorators.py:349=1;FileClosedAnalysis:/usr/lib/python3.12/logging/__init__.py:1263=1,"RandomMustUseSeed:/lib/python3.12/site-packages/rich/style.py:22={None};RandomMustUseSeed:/backend/app/services/evaluator.py:253={'backend/tests/test_error_handling.py::TestInvalidDataHandling::test_evaluator_missing_required_fields', 'backend/tests/test_error_handling.py::TestAPIAuthenticationErrors::test_groq_authentication_error', 'backend/tests/test_error_handling.py::TestAPIAuthenticationErrors::test_groq_rate_limit_error', 'backend/tests/test_error_handling.py::TestExternalServiceFailures::test_groq_service_error', 'backend/tests/test_error_handling.py::TestInvalidDataHandling::test_evaluator_invalid_json_response', 'backend/tests/test_error_handling.py::TestNetworkErrors::test_evaluator_network_retry'};WrongTypeAddedAnalysis:/lib/python3.12/site-packages/click/decorators.py:321={None};InvalidComparisonAnalysis:/lib/python3.12/site-packages/pydantic/_internal/_decorators.py:349={None};FileClosedAnalysis:/usr/lib/python3.12/logging/__init__.py:1263={'backend/tests/test_simple.py::test_python_files_syntax'}",12092.0,BuiltinAllAnalysis=1<>ComparisonBehaviorAnalysis=1<>InPlaceSortAnalysis=1<>InvalidComparisonAnalysis=1<>NLTK_RegexpTokenizerCapturingParentheses=1<>NLTK_regexp_span_tokenize=1<>NonFinitesAnalysis=1<>PriorityQueue_NonComparable=1<>PyDocs_MustLockOnce=1<>PyDocs_UselessIterTee=1<>NLTK_NonterminalSymbolMutability=22<>StringConcatAnalysis=1<>StringStripAnalysis=1<>WrongTypeAddedAnalysis=1<>UnsafeListIterator=7485<>UnsafeDictIterator=4416<>ArgParse_Parent=1<>FileClosedAnalysis=136<>faulthandler_disableBeforeClose=1<>RandomMustUseSeed=2<>Requests_MustCloseSession=16,1871380.0,BuiltinAllAnalysis=violation=286955<>ComparisonBehaviorAnalysis=ne_end=2100<>ComparisonBehaviorAnalysis=eq_end=26616<>InPlaceSortAnalysis=list_used=35579<>InPlaceSortAnalysis=list_sorted=50<>InPlaceSortAnalysis=end_execution=1<>InvalidComparisonAnalysis=after_comparison=28704<>NonFinitesAnalysis=non_finite_op=286845<>PyDocs_UselessIterTee=end=1<>NLTK_NonterminalSymbolMutability=nonterminal_created=22<>StringConcatAnalysis=add=7290<>StringStripAnalysis=strip=298<>WrongTypeAddedAnalysis=check_append=288427<>WrongTypeAddedAnalysis=check_insert=288427<>WrongTypeAddedAnalysis=check_extend=288427<>WrongTypeAddedAnalysis=check_add=288427<>WrongTypeAddedAnalysis=check_add_assign=7290<>UnsafeListIterator=createList=20380<>UnsafeListIterator=updateList=2<>UnsafeDictIterator=createDict=6212<>UnsafeDictIterator=updateDict=9091<>ArgParse_Parent=created=1<>ArgParse_Parent=argument_added=1<>FileClosedAnalysis=open=69<>FileClosedAnalysis=close=66<>FileClosedAnalysis=end=67<>faulthandler_disableBeforeClose=register=1<>faulthandler_disableBeforeClose=unregister=1<>RandomMustUseSeed=all=14<>Requests_MustCloseSession=init=8<>Requests_MustCloseSession=end=8,6590
note-columns-post-bot,20260629_214924,7b5f928c12644ea1101315ceb39e530cf76d654b,1750164494,修正: GitHub Actions非推奨パッケージを最新版に更新 (#46),False,dylin,56,0,0,0,0,0,70.66,36.14,dylin,6.533763885498047,0.0,74.74544262886047,0.1757805347442627,81.45498704910278,0.0,,0.0,,,,,,,,6590
note-columns-post-bot,20260629_214924,19d00d5dec4af77c95a337507cdfba74fe17c3b4,1750164594,main←develop反映 (#47),False,original,56,0,0,0,0,0,70.998,36.14,original,0.0,0.0,71.47222256660461,0.0,71.47222256660461,,,,,,,,,,,6590
note-columns-post-bot,20260629_214924,19d00d5dec4af77c95a337507cdfba74fe17c3b4,1750164594,main←develop反映 (#47),False,pymop,56,0,0,0,0,0,71.062,36.14,pymop,0.9030845165252686,0.3376634120941162,74.32629418373108,0.0,75.56704211235046,15.0,RandomMustUseSeed=13;FileClosedAnalysis=2,2.0,RandomMustUseSeed=1;FileClosedAnalysis=1,RandomMustUseSeed:/backend/app/services/evaluator.py:253=1;FileClosedAnalysis:/usr/lib/python3.12/logging/__init__.py:1263=1,"RandomMustUseSeed:/backend/app/services/evaluator.py:253={'backend/tests/test_error_handling.py::TestInvalidDataHandling::test_evaluator_missing_required_fields', 'backend/tests/test_error_handling.py::TestAPIAuthenticationErrors::test_groq_authentication_error', 'backend/tests/test_error_handling.py::TestAPIAuthenticationErrors::test_groq_rate_limit_error', 'backend/tests/test_error_handling.py::TestExternalServiceFailures::test_groq_service_error', 'backend/tests/test_error_handling.py::TestInvalidDataHandling::test_evaluator_invalid_json_response', 'backend/tests/test_error_handling.py::TestNetworkErrors::test_evaluator_network_retry'};FileClosedAnalysis:/usr/lib/python3.12/logging/__init__.py:1263={'backend/tests/test_simple.py::test_python_files_syntax'}",320.0,BuiltinAllAnalysis=1<>ComparisonBehaviorAnalysis=1<>InPlaceSortAnalysis=1<>InvalidComparisonAnalysis=1<>NLTK_RegexpTokenizerCapturingParentheses=1<>NLTK_regexp_span_tokenize=1<>NonFinitesAnalysis=1<>PriorityQueue_NonComparable=1<>PyDocs_MustLockOnce=1<>PyDocs_UselessIterTee=1<>StringConcatAnalysis=1<>StringStripAnalysis=1<>WrongTypeAddedAnalysis=1<>FileClosedAnalysis=136<>UnsafeDictIterator=87<>UnsafeListIterator=69<>RandomMustUseSeed=1<>Requests_MustCloseSession=14,8470.0,BuiltinAllAnalysis=violation=1291<>ComparisonBehaviorAnalysis=eq_end=51<>ComparisonBehaviorAnalysis=ne_end=12<>InPlaceSortAnalysis=list_used=49<>InPlaceSortAnalysis=end_execution=1<>InvalidComparisonAnalysis=after_comparison=63<>NonFinitesAnalysis=non_finite_op=1291<>PyDocs_UselessIterTee=end=1<>StringConcatAnalysis=add=34<>StringStripAnalysis=strip=6<>WrongTypeAddedAnalysis=check_append=1305<>WrongTypeAddedAnalysis=check_insert=1305<>WrongTypeAddedAnalysis=check_extend=1305<>WrongTypeAddedAnalysis=check_add=1305<>WrongTypeAddedAnalysis=check_add_assign=34<>FileClosedAnalysis=open=69<>FileClosedAnalysis=close=66<>FileClosedAnalysis=end=67<>UnsafeDictIterator=createDict=99<>UnsafeDictIterator=updateDict=9<>UnsafeListIterator=createList=78<>UnsafeListIterator=updateList=2<>RandomMustUseSeed=all=13<>Requests_MustCloseSession=init=7<>Requests_MustCloseSession=end=7,6590
note-columns-post-bot,20260629_214924,19d00d5dec4af77c95a337507cdfba74fe17c3b4,1750164594,main←develop反映 (#47),False,pymop_libs,56,0,0,0,0,0,84.319,36.14,pymop_libs,6.090081691741943,0.2499475479125976,93.34529185295104,0.0,99.6853210926056,43.0,RandomMustUseSeed=14;WrongTypeAddedAnalysis=1;InvalidComparisonAnalysis=26;FileClosedAnalysis=2,5.0,RandomMustUseSeed=2;WrongTypeAddedAnalysis=1;InvalidComparisonAnalysis=1;FileClosedAnalysis=1,RandomMustUseSeed:/lib/python3.12/site-packages/rich/style.py:22=1;RandomMustUseSeed:/backend/app/services/evaluator.py:253=1;WrongTypeAddedAnalysis:/lib/python3.12/site-packages/click/decorators.py:321=1;InvalidComparisonAnalysis:/lib/python3.12/site-packages/pydantic/_internal/_decorators.py:349=1;FileClosedAnalysis:/usr/lib/python3.12/logging/__init__.py:1263=1,"RandomMustUseSeed:/lib/python3.12/site-packages/rich/style.py:22={None};RandomMustUseSeed:/backend/app/services/evaluator.py:253={'backend/tests/test_error_handling.py::TestInvalidDataHandling::test_evaluator_missing_required_fields', 'backend/tests/test_error_handling.py::TestAPIAuthenticationErrors::test_groq_authentication_error', 'backend/tests/test_error_handling.py::TestAPIAuthenticationErrors::test_groq_rate_limit_error', 'backend/tests/test_error_handling.py::TestExternalServiceFailures::test_groq_service_error', 'backend/tests/test_error_handling.py::TestInvalidDataHandling::test_evaluator_invalid_json_response', 'backend/tests/test_error_handling.py::TestNetworkErrors::test_evaluator_network_retry'};WrongTypeAddedAnalysis:/lib/python3.12/site-packages/click/decorators.py:321={None};InvalidComparisonAnalysis:/lib/python3.12/site-packages/pydantic/_internal/_decorators.py:349={None};FileClosedAnalysis:/usr/lib/python3.12/logging/__init__.py:1263={'backend/tests/test_simple.py::test_python_files_syntax'}",12091.0,BuiltinAllAnalysis=1<>ComparisonBehaviorAnalysis=1<>InPlaceSortAnalysis=1<>InvalidComparisonAnalysis=1<>NLTK_RegexpTokenizerCapturingParentheses=1<>NLTK_regexp_span_tokenize=1<>NonFinitesAnalysis=1<>PriorityQueue_NonComparable=1<>PyDocs_MustLockOnce=1<>PyDocs_UselessIterTee=1<>NLTK_NonterminalSymbolMutability=22<>StringConcatAnalysis=1<>StringStripAnalysis=1<>WrongTypeAddedAnalysis=1<>UnsafeListIterator=7454<>UnsafeDictIterator=4446<>ArgParse_Parent=1<>FileClosedAnalysis=136<>faulthandler_disableBeforeClose=1<>RandomMustUseSeed=2<>Requests_MustCloseSession=16,1871050.0,BuiltinAllAnalysis=violation=286922<>ComparisonBehaviorAnalysis=ne_end=2100<>ComparisonBehaviorAnalysis=eq_end=26583<>InPlaceSortAnalysis=list_used=35579<>InPlaceSortAnalysis=list_sorted=50<>InPlaceSortAnalysis=end_execution=1<>InvalidComparisonAnalysis=after_comparison=28671<>NonFinitesAnalysis=non_finite_op=286812<>PyDocs_UselessIterTee=end=1<>NLTK_NonterminalSymbolMutability=nonterminal_created=22<>StringConcatAnalysis=add=7257<>StringStripAnalysis=strip=298<>WrongTypeAddedAnalysis=check_append=288394<>WrongTypeAddedAnalysis=check_insert=288394<>WrongTypeAddedAnalysis=check_extend=288394<>WrongTypeAddedAnalysis=check_add=288394<>WrongTypeAddedAnalysis=check_add_assign=7257<>UnsafeListIterator=createList=20380<>UnsafeListIterator=updateList=2<>UnsafeDictIterator=createDict=6212<>UnsafeDictIterator=updateDict=9091<>ArgParse_Parent=created=1<>ArgParse_Parent=argument_added=1<>FileClosedAnalysis=open=69<>FileClosedAnalysis=close=66<>FileClosedAnalysis=end=67<>faulthandler_disableBeforeClose=register=1<>faulthandler_disableBeforeClose=unregister=1<>RandomMustUseSeed=all=14<>Requests_MustCloseSession=init=8<>Requests_MustCloseSession=end=8,6590
note-columns-post-bot,20260629_214924,19d00d5dec4af77c95a337507cdfba74fe17c3b4,1750164594,main←develop反映 (#47),False,dylin,56,0,0,0,0,0,70.68,36.14,dylin,6.705180883407593,0.0,75.00997352600098,0.1798992156982422,81.89505362510681,0.0,,0.0,,,,,,,,6590
note-columns-post-bot,20260629_214924,5735fe458b9543c6587dae3668a2df33f699d9a1,1750243630,Develop反映 (#52),False,original,56,0,0,0,0,0,71.022,35.76,original,0.0,0.0,71.4927806854248,0.0,71.4927806854248,,,,,,,,,,,6666
note-columns-post-bot,20260629_214924,5735fe458b9543c6587dae3668a2df33f699d9a1,1750243630,Develop反映 (#52),False,pymop,56,0,0,0,0,0,71.138,35.76,pymop,1.0950872898101809,0.357698917388916,74.32759284973145,0.0,75.78037905693054,15.0,RandomMustUseSeed=13;FileClosedAnalysis=2,2.0,RandomMustUseSeed=1;FileClosedAnalysis=1,RandomMustUseSeed:/backend/app/services/evaluator.py:253=1;FileClosedAnalysis:/usr/lib/python3.12/logging/__init__.py:1263=1,"RandomMustUseSeed:/backend/app/services/evaluator.py:253={'backend/tests/test_error_handling.py::TestInvalidDataHandling::test_evaluator_missing_required_fields', 'backend/tests/test_error_handling.py::TestAPIAuthenticationErrors::test_groq_authentication_error', 'backend/tests/test_error_handling.py::TestAPIAuthenticationErrors::test_groq_rate_limit_error', 'backend/tests/test_error_handling.py::TestExternalServiceFailures::test_groq_service_error', 'backend/tests/test_error_handling.py::TestInvalidDataHandling::test_evaluator_invalid_json_response', 'backend/tests/test_error_handling.py::TestNetworkErrors::test_evaluator_network_retry'};FileClosedAnalysis:/usr/lib/python3.12/logging/__init__.py:1263={'backend/tests/test_simple.py::test_python_files_syntax'}",320.0,BuiltinAllAnalysis=1<>ComparisonBehaviorAnalysis=1<>InPlaceSortAnalysis=1<>InvalidComparisonAnalysis=1<>NLTK_RegexpTokenizerCapturingParentheses=1<>NLTK_regexp_span_tokenize=1<>NonFinitesAnalysis=1<>PriorityQueue_NonComparable=1<>PyDocs_MustLockOnce=1<>PyDocs_UselessIterTee=1<>StringConcatAnalysis=1<>StringStripAnalysis=1<>WrongTypeAddedAnalysis=1<>FileClosedAnalysis=136<>UnsafeDictIterator=88<>UnsafeListIterator=68<>RandomMustUseSeed=1<>Requests_MustCloseSession=14,8482.0,BuiltinAllAnalysis=violation=1293<>ComparisonBehaviorAnalysis=eq_end=51<>ComparisonBehaviorAnalysis=ne_end=12<>InPlaceSortAnalysis=list_used=49<>InPlaceSortAnalysis=end_execution=1<>InvalidComparisonAnalysis=after_comparison=63<>NonFinitesAnalysis=non_finite_op=1293<>PyDocs_UselessIterTee=end=1<>StringConcatAnalysis=add=34<>StringStripAnalysis=strip=6<>WrongTypeAddedAnalysis=check_append=1307<>WrongTypeAddedAnalysis=check_insert=1307<>WrongTypeAddedAnalysis=check_extend=1307<>WrongTypeAddedAnalysis=check_add=1307<>WrongTypeAddedAnalysis=check_add_assign=34<>FileClosedAnalysis=open=69<>FileClosedAnalysis=close=66<>FileClosedAnalysis=end=67<>UnsafeDictIterator=createDict=99<>UnsafeDictIterator=updateDict=9<>UnsafeListIterator=createList=78<>UnsafeListIterator=updateList=2<>RandomMustUseSeed=all=13<>Requests_MustCloseSession=init=7<>Requests_MustCloseSession=end=7,6666
note-columns-post-bot,20260629_214924,5735fe458b9543c6587dae3668a2df33f699d9a1,1750243630,Develop反映 (#52),False,pymop_libs,56,0,0,0,0,0,85.164,35.76,pymop_libs,5.868416786193848,0.32082200050354,94.10161638259888,0.0,100.29085516929626,43.0,RandomMustUseSeed=14;WrongTypeAddedAnalysis=1;InvalidComparisonAnalysis=26;FileClosedAnalysis=2,5.0,RandomMustUseSeed=2;WrongTypeAddedAnalysis=1;InvalidComparisonAnalysis=1;FileClosedAnalysis=1,RandomMustUseSeed:/lib/python3.12/site-packages/rich/style.py:22=1;RandomMustUseSeed:/backend/app/services/evaluator.py:253=1;WrongTypeAddedAnalysis:/lib/python3.12/site-packages/click/decorators.py:321=1;InvalidComparisonAnalysis:/lib/python3.12/site-packages/pydantic/_internal/_decorators.py:349=1;FileClosedAnalysis:/usr/lib/python3.12/logging/__init__.py:1263=1,"RandomMustUseSeed:/lib/python3.12/site-packages/rich/style.py:22={None};RandomMustUseSeed:/backend/app/services/evaluator.py:253={'backend/tests/test_error_handling.py::TestInvalidDataHandling::test_evaluator_missing_required_fields', 'backend/tests/test_error_handling.py::TestAPIAuthenticationErrors::test_groq_authentication_error', 'backend/tests/test_error_handling.py::TestAPIAuthenticationErrors::test_groq_rate_limit_error', 'backend/tests/test_error_handling.py::TestExternalServiceFailures::test_groq_service_error', 'backend/tests/test_error_handling.py::TestInvalidDataHandling::test_evaluator_invalid_json_response', 'backend/tests/test_error_handling.py::TestNetworkErrors::test_evaluator_network_retry'};WrongTypeAddedAnalysis:/lib/python3.12/site-packages/click/decorators.py:321={None};InvalidComparisonAnalysis:/lib/python3.12/site-packages/pydantic/_internal/_decorators.py:349={None};FileClosedAnalysis:/usr/lib/python3.12/logging/__init__.py:1263={'backend/tests/test_simple.py::test_python_files_syntax'}",12095.0,BuiltinAllAnalysis=1<>ComparisonBehaviorAnalysis=1<>InPlaceSortAnalysis=1<>InvalidComparisonAnalysis=1<>NLTK_RegexpTokenizerCapturingParentheses=1<>NLTK_regexp_span_tokenize=1<>NonFinitesAnalysis=1<>PriorityQueue_NonComparable=1<>PyDocs_MustLockOnce=1<>PyDocs_UselessIterTee=1<>NLTK_NonterminalSymbolMutability=22<>StringConcatAnalysis=1<>StringStripAnalysis=1<>WrongTypeAddedAnalysis=1<>UnsafeListIterator=7472<>UnsafeDictIterator=4432<>ArgParse_Parent=1<>FileClosedAnalysis=136<>faulthandler_disableBeforeClose=1<>RandomMustUseSeed=2<>Requests_MustCloseSession=16,1871722.0,BuiltinAllAnalysis=violation=286990<>ComparisonBehaviorAnalysis=ne_end=2100<>ComparisonBehaviorAnalysis=eq_end=26649<>InPlaceSortAnalysis=list_used=35579<>InPlaceSortAnalysis=list_sorted=50<>InPlaceSortAnalysis=end_execution=1<>InvalidComparisonAnalysis=after_comparison=28737<>NonFinitesAnalysis=non_finite_op=286880<>PyDocs_UselessIterTee=end=1<>NLTK_NonterminalSymbolMutability=nonterminal_created=22<>StringConcatAnalysis=add=7323<>StringStripAnalysis=strip=298<>WrongTypeAddedAnalysis=check_append=288462<>WrongTypeAddedAnalysis=check_insert=288462<>WrongTypeAddedAnalysis=check_extend=288462<>WrongTypeAddedAnalysis=check_add=288462<>WrongTypeAddedAnalysis=check_add_assign=7323<>UnsafeListIterator=createList=20380<>UnsafeListIterator=updateList=2<>UnsafeDictIterator=createDict=6212<>UnsafeDictIterator=updateDict=9091<>ArgParse_Parent=created=1<>ArgParse_Parent=argument_added=1<>FileClosedAnalysis=open=69<>FileClosedAnalysis=close=66<>FileClosedAnalysis=end=67<>faulthandler_disableBeforeClose=register=1<>faulthandler_disableBeforeClose=unregister=1<>RandomMustUseSeed=all=14<>Requests_MustCloseSession=init=8<>Requests_MustCloseSession=end=8,6666
note-columns-post-bot,20260629_214924,5735fe458b9543c6587dae3668a2df33f699d9a1,1750243630,Develop反映 (#52),False,dylin,56,0,0,0,0,0,70.651,35.76,dylin,6.5729169845581055,0.0,74.82839131355286,0.1732325553894043,81.57454085350037,0.0,,0.0,,,,,,,,6666
